food_name,energy_kcal,carb_g,protein_g,fat_g,servings_unit,unit_serving_energy_kcal,unit_serving_carb_g,unit_serving_protein_g,unit_serving_fat_g
Afghani chicken,151.51,1.95,15.66,9.07,plate,287.50,3.69,29.72,17.21
Al yakhani,147.54,4.65,2.86,13.14,bowl,342.30,10.78,6.63,30.49
Almond biscuit (Badam ke biscuit),407.74,52.14,6.25,19.70,biscuit,75.74,9.69,1.16,3.66
Almond cardamom cake (Badam elaichi cake),356.35,34.53,7.18,21.36,slice,242.84,23.53,4.89,14.55
Almond soup (Badam ka soup),78.65,3.68,10.13,13.80,bowl,375.16,17.57,48.32,65.82
Amaranth ladoo (Rajgira ladoo),454.15,51.33,10.12,22.70,ladoo,199.28,22.52,4.44,9.96
American frosting,257.57,67.48,1.05,0.01,,,,,
Appam,267.70,13.28,3.12,22.63,appam,409.28,20.30,4.77,34.60
Apple and honey sorbet (Seb aur shehad ka sharbat),121.30,30.74,0.15,0.29,cup,196.96,49.92,0.25,0.47
Apple banana pie,243.99,32.12,3.13,11.39,pie,948.46,124.84,12.16,44.29
Apple cake (Seb ka cake),290.08,39.48,4.94,12.87,piece,197.25,26.85,3.36,8.75
Apple cinnamon pie,258.73,33.68,3.35,12.21,slice,458.28,59.65,5.94,21.62
Apple crumb pudding,220.85,35.17,1.54,8.87,small plate,216.99,34.55,1.51,8.72
Apple jam (Seb ka murabba),188.79,48.56,0.14,0.32,,,,,
Apple jelly (Seb ki jelly),152.13,39.37,0.10,0.21,,,,,
Apple kheer (Seb ki kheer),81.30,11.34,2.14,3.18,bowl,270.47,37.74,7.11,10.58
Apple mousse,106.92,12.77,4.21,4.27,bowl,390.28,46.59,15.36,15.60
Apple oats chia seed smoothie,85.64,13.07,3.49,2.48,glass,538.28,82.15,21.94,15.56
Apple sago payasam (Seb aur sabudana ki kheer),136.50,14.40,3.13,7.66,bowl,451.91,47.68,10.36,25.36
Apple snowballs,101.51,24.58,0.86,0.31,piece,263.42,63.79,2.23,0.81
Apricot fool,240.79,33.64,1.54,11.35,tall stemmed glass,550.09,76.85,3.51,25.92
Arhar with spinach (Arhar dal aur palak),52.84,4.77,2.05,2.76,curry bowl,213.09,19.22,8.27,11.11
Assorted pastry,230.74,31.99,6.78,8.91,pastry,185.36,25.69,5.44,7.16
Atta dal burfi ,298.80,40.64,6.66,12.47,piece,115.78,15.75,2.58,4.83
Avial,124.56,8.47,2.46,8.94,bowl,417.34,28.39,8.25,29.94
Bacon and mushroom pancake,157.67,8.47,6.82,10.60,pancake,191.57,10.29,8.29,12.88
Baked brinjal in tomato sauce,38.63,4.13,1.58,1.62,bowl,166.44,17.79,6.81,7.00
Baked custard,106.53,9.45,5.41,5.30,bowl,226.90,20.14,11.53,11.30
Baked egg ,218.85,15.42,11.88,12.65,egg,221.04,15.57,12.00,12.78
Baked eggs in tomato sauce,80.05,3.78,4.92,5.22,plate,398.25,18.79,24.48,25.99
Baked fish with cheese sauce,113.96,4.06,8.64,7.02,bowl,403.14,14.38,30.55,24.84
Baked potato soup,147.05,5.85,5.73,11.21,bowl,769.88,30.63,30.01,58.68
Baked potato with skin ,135.77,11.11,3.43,8.50,bowl,106.41,8.71,2.69,6.66
Baked stuffed fish,121.96,2.12,16.14,5.43,fish,742.09,12.91,98.20,33.02
Baked vegetables,88.99,8.44,3.67,4.44,bowl,269.19,25.52,11.10,13.42
Baked vegetables with spinach ,77.79,6.93,3.22,4.03,bowl,329.47,29.35,13.63,17.06
Banana appam,469.81,20.06,1.17,42.53,appam,1364.20,58.24,3.39,123.49
Banana cake (Kele ka cake),389.51,40.00,5.77,23.31,slice,258.30,26.52,3.83,15.46
Banana chips (Kele ke chips),665.67,7.32,0.37,70.46,bowl,1134.13,12.48,0.63,120.04
Banana groundnut paste/puree,213.19,36.15,4.27,5.45,,213.19,36.15,4.27,5.45
Banana milkshake (Kele milkshake),65.31,9.15,1.84,2.37,tall glass,225.63,31.60,6.37,8.19
Banana milkshake with ice cream (Kele ka milkshake ice cream ke saath),76.45,11.15,2.01,2.77,tall glass,259.92,37.92,6.85,9.42
Banana raita (Kele ka raita),89.03,13.51,4.13,2.07,bowl,141.42,21.46,6.56,3.29
Barbeque sauce,121.93,20.46,0.96,4.51,,,,,
Bathua bhujia,90.90,3.63,2.26,7.29,bowl,180.36,7.20,4.49,14.46
Bathua poori,598.79,13.85,2.35,59.14,poori,544.24,12.59,2.14,53.75
Bathua raita,54.40,5.31,4.13,1.76,bowl,110.53,10.79,8.38,3.58
Beans and macaroni,136.08,14.24,4.58,7.01,plate,345.99,36.21,11.65,17.83
Beans foogath,105.06,3.26,2.03,9.22,small bowl,190.35,5.90,3.67,16.71
Beans with coconut (Nariyal aur sem/phali; Beans thoran),131.63,4.39,2.62,11.39,bowl,196.84,6.57,3.92,17.04
Beetroot and egg salad (Chukandar aur ande ka salad),84.92,3.40,3.36,6.45,small bowl,188.94,7.57,7.47,14.36
Beetroot poori (Chukandar ki poori),527.66,12.29,1.91,52.18,poori,543.14,12.65,1.97,53.71
Bengal 5 Spice Blend (Panch Phoran),289.79,20.00,18.26,22.16,,,,,
Bengal fish curry (Bengali machli curry),109.43,4.42,7.26,7.03,bowl,339.76,13.72,22.55,21.82
Besan and spinach parantha/paratha (Besan aur palak ka parantha/paratha),216.49,21.39,5.54,12.09,parantha,178.12,17.60,4.56,9.94
Besan bathua chilla/cheela,373.82,40.65,11.48,18.57,cheela,112.61,12.24,3.46,5.60
Besan gatte curry,189.38,16.26,7.75,10.72,bowl,484.17,41.56,19.83,27.41
Besan kadhi with pakodies,403.35,3.56,1.64,42.59,bowl,2366.79,20.91,9.65,249.90
Bhatura,793.20,10.73,1.63,82.56,bhatura,1154.61,15.62,2.37,120.18
Bhel puri ,509.89,16.47,3.52,47.91,plate,3573.64,115.42,24.65,335.80
Black channa curry/Bengal gram curry (Kale chane ki curry),140.68,14.11,5.67,6.61,bowl,168.70,16.93,6.79,7.93
Black channa pulao/ Bengal gram pulao (Kale chane ka pulao),125.51,21.55,3.44,2.58,plate,498.16,85.54,13.64,10.23
Black forest gateau,217.82,30.57,5.94,8.58,piece,142.76,20.03,3.89,5.62
Black forest pastry,233.55,34.48,6.09,8.46,pastry,217.78,32.15,5.68,7.89
Black rice kheer (Chak-hao kheer),147.94,22.93,4.37,4.91,bowl,307.22,47.62,9.07,10.19
Boiled egg (Ubla anda),45.35,0.12,4.43,3.04,egg,68.49,0.18,6.69,4.59
Boiled rice (Uble chawal),117.19,25.72,2.60,0.18,plate,351.57,77.16,7.81,0.55
Boondi raita,687.72,3.96,2.19,73.83,bowl,2261.74,13.03,7.21,242.80
Boti kebab,132.86,3.06,9.22,9.27,kebab,72.66,1.67,5.04,5.07
Bottle gourd burfi (Ghiya/Lauki burfi),275.96,24.51,5.86,17.68,burfi,199.03,17.68,4.23,12.75
Bottle gourd kheer (Ghiya/Lauki kheer),84.07,10.00,2.70,3.86,bowl,225.06,26.78,7.23,10.32
Bottle gourd raita (Ghiya/Lauki ka raita),56.31,5.76,3.98,2.07,bowl,85.96,8.79,6.07,3.15
Bottle gourd soup (Ghiya/Lauki soup),23.05,1.16,0.45,1.79,bowl,68.01,3.43,1.34,5.30
Bread and butter pudding ,167.94,19.63,5.59,7.88,plate,206.85,24.17,6.88,9.70
Bread pakora/pakoda,710.99,8.87,2.57,74.20,plate,4653.42,58.07,16.83,485.62
Bread roll,435.46,16.12,2.85,40.25,bread roll,526.92,19.50,3.45,48.70
Bread sauce,111.04,8.69,3.46,7.05,,,,,
Bread upma,129.51,12.60,2.80,7.75,bowl,137.61,13.39,2.97,8.23
Brinjal bhartha (Baingan ka bhartha),65.12,4.40,1.38,4.48,bowl,212.17,14.33,4.50,14.60
Brinjal pickle (Baingan ka achaar),139.01,4.23,2.24,12.98,,,,,
Broccoli chicken ala king,119.56,5.34,7.97,7.57,bowl,282.27,12.60,18.83,17.88
Broccoli delight,40.70,2.34,2.49,2.48,bowl,81.19,4.67,4.97,4.96
Brown sauce,109.18,5.38,11.92,23.67,,,,,
Brown stock,21.32,0.25,1.95,1.38,cup,103.65,1.22,9.47,6.73
Buckwheat pancake (Khura),263.30,27.28,2.91,16.43,pancake,274.93,28.48,3.04,17.16
Butter chicken,137.00,3.74,10.92,8.70,large piece,377.04,10.31,30.06,23.94
Butter icing,500.72,71.64,0.19,25.37,tablespoon,81.12,11.61,0.03,4.11
Butterfly biscuit,341.45,25.33,9.98,22.11,biscuit,41.48,3.08,1.21,2.69
Buttermilk biscuit,322.54,34.93,5.76,17.50,biscuit,414.46,44.88,7.40,22.49
Cabbage and peas (Pattagobhi aur matar),63.88,6.24,3.24,2.64,bowl,106.21,10.37,5.39,4.40
Cabbage kheer (Pattagobhi ki kheer),83.51,9.73,2.87,3.80,bowl,212.47,24.75,7.30,9.66
Cabbage kofta curry (Pattagobhi kofta curry),639.81,2.87,0.98,69.40,bowl,4562.95,20.50,6.96,494.94
Cabbage manchurian (Pattagobhi manchurian),224.26,4.85,0.64,22.48,bowl,1660.41,35.90,4.71,166.47
Cabbage raita (Pattagobhi raita),84.84,5.25,3.24,5.76,bowl,196.95,12.18,7.53,13.37
Cabbage rolls (curry) ((Pattagobhi rolls)(curry)),124.63,7.03,5.76,8.17,roll,181.48,10.24,8.39,11.89
Cabbage rolls (dry) ((Pattagobhi rolls) (dry)),142.48,6.09,8.21,9.36,roll,118.47,5.07,6.82,7.78
Cajun chicken,184.94,1.94,12.69,13.99,chicken breast,309.78,3.25,21.26,23.43
Canjee,6.61,0.44,0.24,0.42,glass,11.26,0.74,0.42,0.72
Caramel custard (baked),122.70,14.95,5.11,5.01,small bowl,276.68,33.72,11.53,11.30
Caramel custard (steamed),121.58,15.02,4.97,4.87,bowl,282.06,34.84,11.53,11.30
Caramel ice cream,173.52,14.81,4.31,11.15,ice-cream cup,471.03,40.19,11.71,30.27
Cardamom cookies (Elaichi cookies),400.49,53.99,5.10,19.12,cookie,875.47,118.02,11.15,41.80
Carrot and cabbage with coconut (Nariyal ke saath pattagobhi aur gajar),106.61,4.99,1.82,8.62,bowl,212.74,9.97,3.63,17.20
Carrot and fenugreek leaves (Gajar methi),61.92,4.17,2.10,3.81,bowl,118.11,7.96,4.00,7.26
Carrot and spinach raita (Gajar aur palak ka raita),56.83,5.83,4.00,1.99,bowl,100.96,10.37,7.12,3.53
Carrot apple sandwich (Gajar aur seb ka sandwich),214.11,29.04,5.30,9.12,triangle,208.22,28.25,5.15,8.87
Carrot cake (Gajar ka cake),255.59,35.98,5.60,10.27,slice,255.46,35.97,5.60,10.26
Carrot halwa (Gajar ka halwa),172.64,18.53,3.11,9.73,bowl,289.71,31.10,5.22,16.33
Carrot kheer (Gajar ki kheer),85.35,10.09,2.81,3.85,bowl,217.16,25.67,7.14,9.80
Carrot murabba (Gajar ka murabba),175.24,45.60,0.32,0.16,,,,,
Carrot raita (Gajar ka raita),64.78,7.19,4.14,2.19,bowl,102.15,11.33,6.52,3.45
Cashewnut burfi (Kaju burfi/Kaju katli),421.74,37.92,5.48,28.46,burfi,120.90,10.87,1.57,8.16
Cauliflower au gratin,145.90,9.13,4.45,10.20,bowl,490.71,30.72,14.98,34.32
Cauliflower basket,90.95,3.97,5.21,5.88,portion,219.61,9.59,12.57,14.20
Cauliflower canjee (Phoolgobhi ki canjee),6.90,0.35,0.39,0.42,glass,12.32,0.62,0.69,0.76
Cauliflower kheer (Phoolgobhi ki kheer),81.95,8.78,3.04,3.95,bowl,249.49,26.74,9.25,12.03
Cauliflower kofta curry (Phoolgobhi kofta curry),641.10,2.62,1.04,69.62,bowl,4559.31,18.61,7.38,495.14
Cauliflower musallam (Phoolgobhi musallam),58.83,4.48,1.89,3.55,bowl,127.05,9.69,4.09,7.66
Cauliflower pakora/pakoda (Phoolgobhi ke pakode),671.63,4.52,1.98,71.86,plate,4530.17,30.48,13.33,484.71
Cauliflower parantha/paratha (Phoolgobhi ka parantha/paratha),178.07,18.84,3.73,9.47,parantha,181.39,19.19,3.80,9.64
Cauliflower potato canjee,16.79,2.63,0.57,0.39,glass,35.58,5.58,1.21,0.83
Cauliflower with coconut (Nariyal ke saath phoolgobhi),132.11,3.99,2.64,11.56,bowl,197.56,5.97,3.95,17.29
"Cauliflower, pea and potato bhujia (Phoolgobhi, matar aur aloo bhujia)",95.67,8.23,2.75,5.54,bowl,182.93,15.74,5.27,10.59
Cereal mix ,120.81,21.84,3.32,2.02,,151.01,27.30,4.15,2.52
Cereal pulse mix with amylase rice flour,151.57,27.80,4.27,2.74,,128.84,23.63,3.63,2.33
Channa murmura premix,339.09,72.59,10.59,3.28,,,,,
Chapati/Roti,202.31,35.65,5.88,3.56,chapati,72.83,12.83,2.12,1.28
Charlotte rousse,188.29,34.08,3.95,4.78,bowl,476.36,86.22,10.01,12.10
Chat masala,222.58,23.87,8.19,9.91,,,,,
Checker board sandwich,348.37,25.94,7.37,24.65,square,128.17,9.54,2.71,9.07
Cheese and chilli sandwich ,218.11,27.40,6.80,9.78,triangle,121.60,15.28,3.79,5.45
Cheese and mushroom omelette/omlet,205.63,1.68,9.69,17.82,egg,263.20,2.15,12.40,22.81
Cheese and mushroom tart,246.10,21.43,5.51,15.28,tart,165.50,14.41,3.70,10.28
Cheese and pineapple sandwich (Cheese aur ananas ka sandwich),257.71,29.10,8.20,12.80,triangle,143.68,16.22,4.57,7.13
Cheese and tomato pancake,147.39,10.66,5.15,9.28,pancake,162.49,11.76,5.67,10.24
Cheese and tomato sandwich (Cheese aur tamatar ke sandwich),243.32,26.92,7.92,12.27,triangle,141.73,15.68,4.61,7.15
Cheese and tomato sandwich (toasted) (Cheese aur tamatar ke sandwich (toasted)),224.58,21.42,6.82,12.95,triangle,170.12,16.22,5.17,9.81
Cheese balls,681.28,4.81,2.21,72.57,piece,402.95,2.84,1.31,42.92
Cheese noodle ring,133.67,13.96,6.22,6.12,plate,531.34,55.47,24.74,24.32
Cheese open sandwich,274.07,28.42,9.84,14.24,sandwich,150.74,15.63,5.41,7.83
Cheese patties,324.01,22.23,7.38,22.67,patty,336.84,23.11,7.67,23.57
Cheese pizza,249.50,30.62,5.79,12.43,piece,327.10,40.15,7.59,16.30
Cheese pudding,285.01,19.27,11.29,18.37,large slice,343.59,23.23,13.61,22.15
Cheese sauce,194.76,7.08,7.68,15.12,,,,,
Cheese soup,41.13,1.87,12.39,17.07,bowl,182.97,8.31,55.11,75.94
Cheese straws,382.00,30.61,9.83,24.28,straw,36.85,2.95,0.95,2.34
Cheese toast,785.37,5.49,1.98,84.11,toast,1138.78,7.95,2.88,121.96
Chenna murki,252.69,36.01,10.46,8.20,bowl,227.74,32.46,9.43,7.39
Cherry and walnut cookies,422.60,59.35,5.63,18.75,cookies,74.27,10.43,0.99,3.30
Chhena poda,344.57,33.64,13.68,17.94,slice,255.84,24.98,10.16,13.32
Chicken and cheese souffle,182.35,3.47,9.07,14.74,souffle dish,356.50,6.78,17.73,28.81
Chicken and corn open sandwich,188.16,19.21,8.63,8.83,sandwich,203.92,20.82,9.35,9.57
Chicken and tomato towers,100.55,2.36,6.90,6.99,stuffed tomato,265.55,6.24,18.22,18.46
Chicken chowmein,151.33,13.30,6.33,8.23,plate,521.04,45.80,21.80,28.35
Chicken consomme (Clear chicken soup),47.94,1.19,11.47,12.02,soup bowl,108.31,2.68,25.91,27.15
Chicken curry,129.22,3.38,11.79,7.57,bowl,320.38,8.38,29.24,18.77
Chicken kebab,729.41,1.11,3.71,78.89,kabab,903.73,1.38,4.59,97.74
Chicken korma,147.96,5.43,9.83,9.67,bowl,513.46,18.84,34.12,33.57
Chicken lasagne,187.49,13.90,10.45,10.36,plate,964.64,71.53,53.78,53.31
Chicken manchurian,142.34,6.06,9.53,11.96,plate,632.99,26.96,42.40,53.18
Chicken pakora/pakoda,590.09,4.55,6.03,60.98,pakora,404.34,3.12,4.13,41.78
Chicken pulao,108.24,11.17,6.07,8.48,plate,723.18,74.61,40.59,56.63
Chicken salad,338.19,1.30,15.33,30.26,bowl,835.34,3.22,37.86,74.73
Chicken sandwich,253.27,25.38,13.12,11.75,triangle,147.53,14.78,7.64,6.84
Chicken sandwich (toasted),167.37,18.82,12.08,5.32,toasted triangle,143.10,16.09,10.33,4.54
Chicken stew,127.55,4.44,7.19,8.91,bowl,378.63,13.19,21.35,26.46
Chicken stock,29.88,0.37,3.69,1.51,cup,112.33,1.38,13.86,5.68
Chicken sweet and sour,445.09,2.67,6.92,47.59,bowl,2499.60,14.97,38.86,267.27
Chicken sweet corn soup,28.32,1.63,14.48,12.59,soup bowl,68.46,3.95,34.99,30.44
Chicken walnut sandwich (Chicken aur akhrot ke sandwich),285.78,22.62,12.58,16.77,sandwich,190.40,15.07,8.38,11.17
Chicken yakhni,99.00,0.78,10.66,6.10,bowl,249.63,1.96,26.88,15.38
Chickpea flour cookies (Sweet besan rounds/cookies),207.01,39.64,4.29,3.42,piece,51.75,9.91,1.07,0.86
Chickpeas curry (Safed channa curry),163.43,19.98,6.10,6.84,bowl,195.99,23.96,7.31,8.21
Chilli chicken,198.83,2.86,9.57,16.56,bowl,769.13,11.06,37.03,64.07
Chilli paneer,777.51,3.31,2.10,84.01,bowl,2308.28,9.82,6.24,249.41
Chinese cabbage and meat ball soup,484.31,1.43,5.21,56.57,soup bowl,2254.25,6.65,24.25,263.32
Chinese fried rice,120.58,13.40,4.05,5.43,plate,423.65,47.08,14.24,19.09
Chocochip ice cream,241.45,16.75,4.23,17.93,ice cream cup,481.38,33.40,8.43,35.74
Chocolate biscuit,379.76,51.56,5.88,17.09,biscuit,57.49,7.81,0.89,2.59
Chocolate burfi,339.33,33.15,13.00,17.86,burfi,110.28,10.78,4.22,5.81
Chocolate butter icing,469.59,61.72,3.21,24.77,tablespoon,91.10,11.97,0.62,4.80
Chocolate cake,335.61,45.14,6.01,15.18,piece,197.59,26.57,3.54,8.94
Chocolate chiffon cake,311.71,37.87,5.76,15.80,slice,227.06,27.59,4.20,11.51
Chocolate chip cookies,425.29,57.98,5.79,19.38,cookie,93.03,12.68,1.27,4.24
Chocolate cream shells,427.17,59.26,5.10,19.34,shell,98.20,13.62,1.17,4.45
Chocolate eclairs,239.42,26.22,4.24,13.50,éclair,405.21,44.38,7.17,22.84
Chocolate eggless cake,312.01,43.45,6.66,13.19,piece,357.25,49.75,7.63,15.10
Chocolate glace icing,436.29,62.43,3.22,20.80,tablespoon,104.44,14.95,0.77,4.98
Chocolate ice cream,177.70,15.41,4.47,11.25,ice-cream cup,659.28,57.17,16.58,41.72
Chocolate meringue pie,214.76,28.80,4.98,9.17,slice,395.69,53.06,9.17,16.90
Chocolate pastry,243.37,32.24,7.05,10.12,pastry,211.93,28.07,6.14,8.82
Chocolate pudding,211.96,29.59,3.55,9.48,large slice,351.20,49.03,5.88,15.70
Chocolate sauce,263.20,43.21,1.91,10.39,tablespoon,43.87,7.20,0.32,1.73
Chocolate souffle,189.32,14.74,7.88,11.36,souffle cup,416.50,32.43,17.33,25.00
Chocolate sponge cake,239.86,39.54,9.13,5.51,piece,168.70,27.81,6.42,3.87
Chocolate swiss roll,306.08,26.97,6.01,19.76,swiss roll,145.00,12.78,2.85,9.36
Chocolate walnut cookies (Chocolate aur akhrot ke cookies),424.80,47.10,6.56,23.62,cookie,110.01,12.20,1.70,6.12
Choconut ice cream,273.96,23.13,5.04,18.49,sundae glass,658.80,55.62,12.12,44.47
Choux pastry,222.37,16.20,5.55,14.96,,,,,
Choux swans,216.34,14.92,4.35,15.60,swan,370.29,25.54,7.45,26.71
Christmas bell biscuit,404.85,60.79,5.66,15.84,biscuit,84.11,12.63,1.18,3.29
Christmas biscuit,406.07,60.97,5.67,15.88,biscuit,84.11,12.63,1.17,3.29
Christmas cake,372.95,48.29,5.49,16.88,slice,388.57,50.32,5.72,17.59
Christmas star biscuit,392.03,74.54,3.54,10.04,biscuit,145.64,27.69,1.31,3.73
Christmas tree biscuit,385.63,58.41,5.43,15.00,biscuit,84.69,12.83,1.19,3.29
Christmas wreath biscuit,386.05,58.07,5.43,15.01,biscuit,84.79,12.75,1.19,3.30
Chum chum,130.05,28.27,1.52,1.92,piece,405.44,88.13,4.73,5.98
Classic club sandwich,200.83,18.49,6.74,11.56,triangle,448.86,41.33,15.06,25.84
Classic italian pasta,42.12,4.40,0.57,2.45,,,,,
Classic seasoned black beans,28.78,7.66,8.01,8.28,bowl,50.71,13.49,14.11,14.60
Clear tomato soup (Tamatar ka soup),80.07,3.45,4.79,12.22,soup bowl,318.41,13.72,19.06,48.61
Club sandwich ,235.32,18.51,7.31,15.12,triangle,206.79,16.26,6.42,13.29
Coco pine cooler,32.75,5.72,0.56,1.00,tall glass,141.54,24.71,2.40,4.32
Coconut biscuit (Nariyal ke biscuit),434.98,42.90,5.78,27.16,biscuit,81.56,8.04,1.08,5.09
Coconut burfi (Nariyal ki burfi),467.64,32.15,8.81,34.63,burfi,265.38,18.25,5.00,19.65
Coconut chutney (Nariyal ki chutney),265.92,8.29,3.59,25.00,tablespoon,67.37,2.10,0.91,6.33
Coconut finger,274.86,42.56,7.09,8.86,finger,196.52,30.43,5.07,6.34
Coconut kheer (Nariyal ki kheer),162.61,14.42,3.40,10.55,bowl,1057.59,93.80,22.10,68.59
Coconut pickle (Nariyal ka aachar),517.26,11.53,3.02,51.71,jar,144.86,3.23,0.85,14.48
Coffee biscuit,416.57,46.55,6.90,23.00,biscuit,71.63,8.00,1.19,3.96
Coffee drops,443.07,43.06,7.57,27.16,small,52.30,5.08,0.89,3.21
Coffee ice cream,150.62,14.09,3.15,9.43,ice cream cup,249.84,23.37,5.22,15.64
Coffee pear alaska,203.99,19.36,2.88,13.22,dish,510.74,48.48,7.22,33.09
Cold chocolate souffle,187.53,17.22,6.37,10.86,souffle dish,455.69,41.84,15.47,26.40
Cold coffee (with cream),82.76,11.98,1.93,3.29,tall glass,207.32,30.02,4.84,8.24
Cold coffee with ice cream,67.85,11.24,1.57,2.11,tall glass,204.56,33.90,4.73,6.36
Cold cucumber cream soup ,11.88,1.76,0.34,0.34,bowl,45.43,6.73,1.29,1.29
Cold cucumber soup (Thanda kheere ka soup),48.03,4.58,2.99,1.99,soup bowl,90.13,8.60,5.61,3.74
Cold lemon souffle,169.87,15.62,5.89,9.78,souffle dish,411.92,37.89,14.29,23.72
Cold orange souffle,173.19,16.27,5.94,9.82,souffle dish,417.82,39.26,14.33,23.70
Cold pineapple souffle,181.22,16.85,6.23,10.39,souffle dish,413.18,38.42,14.20,23.68
Cold summer garden soup,49.19,2.65,8.57,14.08,soup bowl,151.00,8.12,26.31,43.23
Cold tomato soup,16.90,0.59,0.11,1.56,bowl,46.40,1.62,0.31,4.27
Cold vanilla souffle,179.54,16.29,6.22,10.32,souffle dish,423.71,38.44,14.67,24.35
Coleslaw,76.71,5.59,1.24,5.32,bowl,116.99,8.53,1.89,8.11
Consomme au julienne,27.76,1.49,12.49,10.66,bowl,213.74,11.48,96.18,82.05
Consomme au vermicelli,29.94,1.30,15.23,12.98,bowl,187.72,8.16,95.48,81.38
Coriander chutney (Hare dhaniye ki chutney),42.86,8.16,1.38,0.37,tablespoon,8.11,1.54,0.26,0.07
Corn omelette/omlet,166.93,1.57,11.37,12.89,omelette,324.26,3.05,22.09,25.04
Cornflakes with milk,117.33,14.95,3.59,5.12,bowl,326.17,41.56,9.98,14.23
Cottage cheese pie,238.98,20.66,7.45,13.83,pie,813.33,70.32,25.35,47.06
Cracked wheat and green gram dal premix (Dalia moong dal premix),362.16,64.75,15.89,5.11,,,,,
Cracked wheat khichri/khichdi (Dalia khichri/khichdi),167.45,22.35,7.56,5.52,,,,,
Cracked wheat porridge (Meetha daliya),81.57,8.87,2.64,4.08,bowl,328.71,35.75,10.65,16.44
Cranberry cookies,272.48,36.39,3.92,12.66,cookie,506.14,67.60,7.28,23.52
Cream buns,215.74,14.16,4.45,15.81,bun,179.67,11.79,3.71,13.17
Cream horns,408.23,23.12,3.42,33.55,horn,469.97,26.61,3.94,38.62
Cream of broccoli soup,56.14,3.72,8.97,12.75,bowl,258.62,17.14,41.32,58.72
Cream of carrot soup,59.77,5.69,8.27,12.35,bowl,278.30,26.48,38.53,57.52
Cream of green peas soup,127.84,6.75,7.13,14.78,soup bowl,522.23,27.58,29.11,60.38
Cream of mixed vegetable soup,59.65,4.93,6.84,9.05,soup bowl,216.16,17.87,24.81,32.79
Cream of mushroom soup,117.28,3.74,6.64,15.50,soup bowl,439.83,14.04,24.90,58.13
Cream of potato soup,60.20,6.14,8.10,12.05,bowl,286.36,29.22,38.53,57.32
Cream of spinach soup,100.54,3.45,5.21,13.31,soup bowl,465.12,15.94,24.12,61.58
Cream of tomato soup,97.81,3.93,4.61,13.12,soup bowl,452.28,18.16,21.32,60.65
Cream puffs,221.33,16.00,4.70,15.48,puff,160.19,11.58,3.40,11.20
Creamed spinach,96.91,4.44,5.18,6.39,small bowl,373.69,17.13,19.99,24.64
Creamed spinach and mushroom,419.62,3.17,2.28,44.14,bowl,2496.71,18.85,13.55,262.62
Creamy chicken,152.87,3.13,13.52,9.57,bowl,332.36,6.80,29.39,20.82
Creamy chocolate mousse,230.52,9.53,6.85,18.16,dish,467.38,19.32,13.89,36.82
Crispy baked fish,138.40,9.59,10.95,6.41,casserole dish,391.68,27.13,31.00,18.15
Crispy okra/Crispy lady's fingers (Karare bhindi),657.76,4.35,1.91,70.40,small bowl,2254.47,14.90,6.55,241.28
Crunchy butterscotch,277.32,19.92,3.11,20.99,cup,519.63,37.33,5.83,39.34
Cucumber and yogurt salad (Kheere aur dahi ka salad),36.13,4.72,2.09,0.93,small plate,41.58,5.44,2.41,1.07
Cucumber raita (Kheere ka raita),59.13,6.35,4.04,2.08,bowl,90.27,9.69,6.16,3.17
Cucumber sandwich (Kheere ka sandwich),188.60,25.77,4.80,8.00,triangle,114.57,15.65,2.92,4.86
Cucumber sharbat (Kheere ka sharbat),27.28,6.64,0.26,0.06,glass,112.14,27.27,1.07,0.24
Cumin infused water (Jeere/Zeere ka pani),9.09,1.86,0.17,0.11,glass,30.80,6.32,0.57,0.37
Cumin pulao (Jeera/Zeera pulao),135.24,23.61,2.47,3.20,plate,365.83,63.87,6.69,8.65
Cumin seeds baghar (Jeera baghar/tadka),736.81,5.22,3.34,78.77,,,,,
Curd dip,79.95,7.95,5.04,3.36,,,,,
Curd dressing ,78.80,8.03,5.59,2.90,cup,164.82,16.79,11.68,6.07
Curd mint dip ,76.13,9.11,4.82,2.44,tablespoon,25.09,3.00,1.59,0.80
Curd rice (Dahi bhaat/Dahi chawal/ Perugu annam/Daddojanam/Thayir saadam),195.74,32.93,5.75,4.32,plate,423.11,71.18,12.44,9.33
Curd vegetable dip,56.21,6.04,3.88,1.94,tablespoon,15.63,1.68,1.08,0.54
Curd with potatoes (Dahi aloo),59.90,7.15,1.56,2.72,bowl,227.19,27.10,5.93,10.32
Curried Cauliflower soup,37.32,3.12,6.72,9.77,cup,129.84,10.84,23.36,34.00
Custard tart,225.60,28.66,3.72,10.73,tart,161.73,20.55,2.67,7.69
Dahi vadas/Dahi bhalla,667.73,5.49,2.96,70.40,vada,1150.16,9.45,5.10,121.27
Dal dhokli,68.74,8.55,2.96,2.47,bowl,231.41,28.77,9.96,8.32
Dal makhani,74.04,7.96,3.32,3.06,bowl,261.63,28.13,11.71,10.82
Dal moong,43.69,4.92,2.20,1.62,,,,,
Dal parantha/paratha,268.24,30.03,6.78,13.05,parantha,205.73,23.03,5.20,10.01
Dal stuffed poori,785.16,10.14,2.08,81.69,poori,932.65,12.04,2.47,97.03
Dalma,118.93,15.04,4.91,4.58,bowl,313.70,39.68,12.95,12.09
Danedar burfi,102.68,12.33,3.24,4.72,piece,143.47,17.22,4.53,6.60
Danish cookies,475.33,58.00,5.33,24.92,biscuit,59.71,7.29,0.67,3.13
Danish luncheon sandwich,193.82,17.77,9.03,10.10,sandwich,167.41,15.35,7.80,8.72
Date and nut pie,322.42,46.86,3.93,13.31,bowl,728.66,105.91,8.88,30.09
Date pickle (Khajoor ka achaar),182.29,34.66,1.68,4.21,small bowl,251.90,47.90,2.32,5.81
Dates chutney (Khajoor ki chutney),103.57,21.69,1.07,1.12,small bowl,273.26,57.23,2.82,2.96
Dessicated coconut chutney (Sookhe kase nariyal ki chutney) ,346.36,36.72,12.88,15.88,tablespoon,37.47,3.97,1.39,1.72
Deviled egg,98.56,2.23,4.97,7.72,egg,157.45,3.56,7.93,12.33
Dhansak (vegetarian),82.80,7.28,3.32,4.18,bowl,199.57,17.54,8.01,10.07
Dhokla,216.49,30.68,13.45,5.28,piece,86.50,12.26,5.37,2.11
Dil bahar,130.05,28.27,1.52,1.92,piece,405.44,88.13,4.73,5.98
Dry arbi (Sookhi arbi),134.95,11.11,2.12,8.97,bowl,270.69,22.28,4.24,17.99
Dry mango chutney (Sookhe aam ki chutney),298.13,69.17,2.43,0.70,tablespoon,82.58,19.16,0.67,0.19
Dry masala chops,135.07,3.30,9.08,9.54,chops,199.37,4.87,13.40,14.08
Dry potato (Sookhe aloo),103.15,14.38,1.62,4.18,bowl,109.08,15.20,1.71,4.42
Dry washed urad,124.71,15.66,6.85,3.50,bowl,178.59,22.43,9.81,5.01
Ducheese potato,140.54,10.94,3.60,9.01,potato,60.38,4.70,1.55,3.87
Dum aloo,682.33,3.33,0.70,74.01,bowl,4575.57,22.33,4.68,496.27
Dundee cake,396.62,41.40,7.78,22.70,piece,239.31,24.98,4.69,13.70
Egg and tomato sandwich (Ande aur tamatar ka sandwich),222.11,25.90,7.66,10.51,triangle,132.15,15.41,4.56,6.25
Egg curry (Anda curry),117.52,4.03,5.38,8.81,bowl,178.13,6.11,8.16,13.35
Egg cutlet (Anda cutlet),575.02,5.77,2.45,60.25,cutlet,1169.22,11.73,4.98,122.50
Egg drop soup,26.64,1.10,12.93,13.52,soup bowl,84.64,3.50,41.08,42.95
Egg halwa (Ande ka halwa),299.74,39.59,7.85,13.41,bowl,289.25,38.20,7.58,12.94
Egg in a pepper,128.78,0.17,12.64,8.68,egg,749.50,1.00,73.58,50.49
Egg nog,97.14,8.15,4.78,5.11,tall glass,294.82,24.72,14.50,15.51
Egg pakora/pakoda (Ande ke pakode),710.51,4.48,2.83,75.86,plate,4579.22,28.85,18.25,488.94
Egg sandwich (Ande ka sandwich),285.96,29.16,8.69,15.80,triangle,145.12,14.80,4.41,8.02
Egg sauce,146.85,5.88,5.97,11.08,,,,,
Eggless cake,318.08,46.14,8.12,11.75,slice,193.93,28.13,4.95,7.16
Eggplant/Brinjal rice (Vangi bhat),184.80,31.74,5.28,3.67,plate,538.09,92.42,15.37,10.70
Espreso coffee,51.54,6.62,1.75,2.14,tea cup,81.70,10.49,2.77,3.39
Fermented bamboo shoot pickle (Mesu pickle),59.83,1.73,1.58,5.59,jar,81.52,2.36,2.15,7.62
Fermented bengal gram vada (Khameerikrit/Ufna hua channa dal ka vada),657.57,8.68,4.05,67.19,vada,592.64,7.82,3.65,60.55
Fettuccine with spinach sauce,129.21,12.19,3.10,7.83,plate,458.85,43.29,11.02,27.80
Finger millet biscuit (Ragi biscuit),458.56,52.69,4.03,25.79,biscuit,345.41,39.69,3.03,19.43
Finger millet cake (Ragi cake),279.46,38.93,3.96,12.27,slice,275.60,38.39,3.90,12.10
Fish curry (Machli curry),111.13,3.77,8.76,6.69,bowl,282.23,9.58,22.25,16.99
Fish cutlet (Machli ka cutlet),654.64,3.13,2.77,70.11,cutlet,2284.43,10.92,9.66,244.64
Fish finger,542.90,4.47,5.66,55.82,fillet,2408.26,19.85,25.09,247.62
Fish in coconut milk (Nariyal ke doodh ke saath machli),86.21,2.73,8.66,4.43,dish,280.64,8.89,28.19,14.43
Fish orly,563.70,4.27,5.87,58.18,fillet,1657.28,12.54,17.27,171.06
Fish pakora/pakoda,577.03,4.55,5.97,59.52,pakora,395.39,3.12,4.09,40.79
Fish pie,120.90,7.74,9.25,5.77,pie,369.44,23.66,28.27,17.64
Fish sandwich ,150.20,10.09,4.72,10.37,sandwich,391.45,26.29,12.31,27.02
Fish souffle,139.71,5.14,10.51,8.55,dish,412.61,15.18,31.04,25.24
Fish tikka,117.33,3.91,16.00,4.15,piece,41.65,1.39,5.68,1.47
Flaky pastry,443.94,33.61,4.69,31.99,,,,,
Flan pastry,445.80,47.84,6.72,25.04,pastry,232.93,25.00,3.51,13.08
Flattened rice cutlet (Chirwa cutlet/Chivda cutlet/Poha cutlet),701.71,7.39,1.76,73.89,cutlet,2325.01,24.50,5.82,244.81
Flavoured milkshake,66.78,8.65,2.06,2.83,tall glass,190.31,24.64,5.87,8.06
French dressing,733.77,3.68,0.32,79.65,cup,1477.32,7.40,0.65,160.36
French omelette/omlet,211.04,0.41,10.03,18.86,egg,143.51,0.28,6.82,12.82
French onion soup,55.61,4.28,11.41,14.39,soup bowl,195.69,15.04,40.14,50.65
French sandwich (toasted),186.75,14.82,6.82,11.51,sandwich,208.46,16.54,7.61,12.84
Fricassee of Mushroom,106.66,8.13,3.65,6.63,dish,299.55,22.84,10.25,18.63
Fried chicken with tomato sauce (Fried chicken tamatar ki chutney kay saath),125.03,2.51,11.48,7.61,piece,154.73,3.10,14.20,9.42
Fried Egg ,223.67,0.31,11.59,19.62,egg,129.17,0.18,6.69,11.33
Fried fish (Indian style) (Tali hui machli),658.54,5.40,4.35,68.88,piece,2327.95,19.11,15.36,243.49
Fried fish and Chips (English Style) (Tali hui machli aur chips),651.75,2.77,3.36,69.69,fillet,4547.58,19.33,23.45,486.29
Frozen frosty fruit salad (Phalon ka salaad),103.51,15.61,1.68,4.17,slice,241.17,36.37,3.91,9.72
Fruit delight,107.09,9.11,2.09,7.09,small mould,366.25,31.15,7.13,24.25
Fruit flan,261.35,34.71,3.30,12.48,flan,1215.94,161.50,15.35,58.08
Fruit Ice cream (Phalon ka Ice cream),171.46,16.05,4.37,10.38,ice-cream cup,550.82,51.56,14.05,33.35
Fruit Loaf ,324.19,46.49,5.36,13.31,slice,181.14,25.98,3.00,7.44
Fruit Punch (with fresh juices),36.12,9.38,0.14,0.03,tall glass,196.60,51.06,0.76,0.18
Fruit Punch (with squashes),23.13,5.99,0.07,0.02,tall glass,116.30,30.12,0.36,0.08
Fruit puree tart,286.50,30.42,3.35,16.83,tart,159.40,16.92,1.86,9.36
Fruit salad (Phalon ka salaad),78.14,15.96,0.91,1.22,bowl,237.53,48.52,2.78,3.70
Garam masala,254.21,26.20,9.89,10.97,,,,,
Garlic chickpea soup (Lahasun aur chane ka shoraba),89.53,13.92,4.45,2.01,soup bowl,284.89,44.29,14.15,6.41
Garlic chutney/Poondu chutney (Lahasun ki chutney),255.51,20.44,3.34,17.55,small bowl,202.83,16.22,2.65,13.93
Garlic pickle (Lahasun ka achar),413.62,9.75,3.72,39.88,jar,211.44,4.99,1.90,20.39
Garlic soup,194.86,6.99,2.38,17.62,bowl,280.60,10.06,3.43,25.37
Ghiya/Lauki Kofta Curry,638.71,2.71,0.89,69.40,bowl,4555.07,19.32,6.34,494.95
Ghujia/Lavang latika,768.98,13.00,1.86,78.93,gunjia,818.71,13.85,1.98,84.03
Ginger biscuit (Adarak ke biscuit),417.91,58.44,5.98,18.31,biscuit,56.24,7.87,0.80,2.46
Ginger bread man,365.00,60.26,6.61,11.01,biscuit,108.45,17.90,1.96,3.27
Ginger candy (Adrak ki candy),195.71,50.38,0.69,0.27,,,,,
Ginger chicken,129.17,5.60,8.24,8.24,bowl,495.91,21.50,31.65,31.64
Gingerman biscuit,357.43,55.24,6.26,12.73,gingerman,127.03,19.63,2.22,4.52
Gingo,48.02,12.42,0.14,0.06,tall glass,139.73,36.14,0.40,0.17
Glace icing,323.51,86.31,0.01,0.01,,,,,
Gobi 65,278.29,3.59,0.56,29.11,plate,2386.48,30.81,4.81,249.63
Gooseberry chutney (Amla chutney),43.02,8.83,1.44,0.62,tablespoon,6.90,1.42,0.23,0.10
Gooseberry marmalade (Amla murabba),123.16,32.34,0.14,0.03,,,,,
Gooseberry pickle (Amla ka achaar),278.58,7.61,1.55,27.61,jar,64.86,1.77,0.36,6.43
Gram flour and semolina chilla/cheela/savory pancake (Besan suji chilla/cheela),758.89,7.63,2.08,80.04,cheela,1142.14,11.49,3.12,120.46
Gram flour and semolina dhokla (Besan suji dhokla),198.91,25.92,8.52,7.10,piece,196.50,25.60,8.41,7.01
Gram flour burfi (Besan burfi),421.79,46.59,11.19,22.41,burfi,161.60,17.85,4.29,8.58
Gram flour chilla/cheela (Besan chilla/cheela),135.93,21.03,7.80,2.85,cheela,70.78,10.95,4.06,1.49
Gram flour halwa (Besan halwa),276.79,25.78,5.88,17.30,piece,411.15,38.29,8.73,25.69
Gram flour ladoo (Besan ladoo),476.91,62.61,8.93,22.76,ladoo,168.11,22.07,3.15,8.02
Gram flour poori (Besan poori),697.66,10.93,2.59,71.51,poori,525.57,8.24,1.95,53.87
Grape and orange whip,57.39,6.72,1.41,2.62,orange case,69.44,8.13,1.71,3.17
Grapes raita (Angoor ka raita),72.59,9.66,3.98,2.07,bowl,115.31,15.34,6.31,3.28
Gravy for kofta,125.59,6.31,1.75,10.35,bowl,174.88,8.78,2.43,14.41
Green chickpeas pulao (Choliya pulao/Hare chane ka pulao),173.43,27.57,4.88,4.82,plate,620.70,98.67,17.45,17.25
Green chilli raita (Hari mirch ka raita),77.13,7.66,5.58,2.92,bowl,79.07,7.85,5.72,3.00
Green chilli sauce,46.06,7.36,1.25,0.27,,,,,
Green chutney,79.42,10.01,5.42,1.60,glass jar,19.38,2.44,1.32,0.39
Green gram whole with baghar (Sabut moong dal with tadka),63.43,6.80,3.23,2.48,bowl,143.19,15.34,7.29,5.60
Green pea soup (Matar ka soup),39.81,3.63,11.06,12.90,bowl,221.32,20.20,61.52,71.70
Green tomato pickle (Haray tamatar ka achaar),193.26,2.87,1.23,19.67,jar,122.91,1.82,0.79,12.51
Greenpea cookies,159.42,23.07,6.53,4.24,cookie,120.92,17.50,4.95,3.22
Guava jelly (Amrood ki jelly),115.74,28.18,1.11,0.25,,,,,
Guava raita (Amarood ka raita),64.36,7.27,4.19,2.07,bowl,102.22,11.55,6.65,3.29
Gujarati handvo ,207.09,31.86,8.24,4.80,cake,1442.54,221.90,57.40,33.44
Gulab Jamun with khoya,586.06,26.09,2.03,53.23,gulab jamun,918.46,40.89,3.18,83.43
Gulab jamun with milk powder,471.15,28.24,0.85,40.15,piece,1422.30,85.26,2.57,121.21
Gum icing,223.07,53.19,5.94,0.00,,,,,
Gun powder chutney,312.34,47.65,21.55,2.67,tablespoon,43.47,6.63,3.00,0.37
Gunjia,667.34,5.68,2.98,70.28,gunjia,1166.18,9.92,5.21,122.81
Ham and Bean soup,96.04,4.18,10.61,4.15,bowl,144.82,6.30,15.99,6.26
Handi chicken,166.02,1.49,12.32,12.46,plate,384.96,3.47,28.57,28.90
Hariyali Fish Tikka,150.24,2.21,14.01,9.41,kebab,268.25,3.94,25.01,16.79
Hawain salad,175.23,14.35,4.27,11.37,bowl,682.64,55.91,16.63,44.28
Hazelnut cookies,493.32,39.44,6.25,34.97,cookie,423.02,33.82,5.36,29.99
Home made egg noodles,240.84,42.92,6.55,4.37,curry bowl,541.78,96.55,14.73,9.84
Home made plain noodles,238.78,44.50,6.21,3.56,,,,,
Honey banana cream,125.49,13.64,2.78,6.68,tall stemmed glass,415.37,45.14,9.19,22.09
Honey cake,333.59,49.04,3.08,14.70,slice,546.05,80.27,5.04,24.07
Horsegram dal (Kulthi dal) ,55.65,8.21,2.91,1.13,bowl,200.79,29.61,10.50,4.09
Hot and sour soup,31.51,1.78,3.12,1.31,soup bowl,123.85,6.98,12.25,5.16
Hot cheese souffle,177.10,5.41,9.18,13.23,bowl,525.53,16.04,27.25,39.26
Hot cherry sauce,252.74,67.95,0.13,0.07,,,,,
Hot chocolate,90.01,9.02,3.43,4.61,tea cup,171.46,17.18,6.53,8.78
Hot chocolate souffle,226.09,26.21,6.70,11.10,bowl,321.05,37.22,9.51,15.77
Hot cocoa,90.10,9.23,3.36,4.56,cup,172.09,17.64,6.42,8.72
Hot fish souffle,142.92,3.69,11.23,9.24,bowl,524.16,13.54,41.17,33.90
Hot lemon souffle,155.25,16.31,5.29,7.93,bowl,188.63,19.82,6.43,9.64
Hot orange souffle,179.97,18.77,6.87,8.95,bowl,219.56,22.90,8.38,10.92
Hot potato souffle,125.64,8.56,5.51,7.64,bowl,460.78,31.41,20.20,28.04
Hot spinach souffle,104.25,4.19,5.43,7.24,bowl,413.60,16.62,21.56,28.72
Hot tea (Garam Chai),16.14,2.58,0.39,0.53,tea cup,33.98,5.43,0.82,1.12
Hot vanilla souffle,192.93,21.77,6.87,9.07,bowl,245.99,27.76,8.76,11.57
Ice box cookies,374.24,56.09,5.70,14.44,cookie,51.87,7.77,0.79,2.00
Iced tea,10.34,2.70,0.03,0.01,tall glass,33.10,8.64,0.09,0.04
Idli,137.54,28.18,4.64,0.33,idli,34.47,7.06,1.16,0.08
Indian lamb and egg curry (Nargisi kofta),335.75,2.07,3.84,34.70,kofta,1312.54,8.09,15.01,135.64
Indian style egg bhujia (Anda bhujia (Indian style)),102.83,3.76,6.10,7.02,small bowl,129.53,4.74,7.68,8.84
Instant coffee,23.16,3.65,0.64,0.75,tea cup,104.20,16.44,2.88,3.36
Instant dhokla,207.11,24.11,7.66,9.37,dhokla,87.99,10.24,3.26,3.98
Instant idli (with semolina),247.29,43.40,9.16,3.61,idli,87.23,15.31,3.23,1.27
Jackfruit fritters (Ponsa mulik/Kathal ka pakora),597.79,24.00,2.34,54.41,mulik/fritter,160.12,6.43,0.63,14.57
Jackfruit kofta curry (Kathal ka kofta curry),321.08,3.17,0.80,33.83,bowl,2408.96,23.76,6.04,253.83
Jackfruit sabzi (Kathal ki sabzi),625.40,3.40,0.69,67.60,bowl,2258.72,12.28,2.49,244.13
Jackfruit/Kathal (dry),488.97,4.56,0.93,51.78,bowl,2363.80,22.07,4.49,250.33
Jal jeera,30.24,6.70,0.44,0.26,juice glass,42.34,9.38,0.61,0.36
Jam and fruit pancake,162.02,20.73,3.79,7.01,pancake,106.57,13.63,2.49,4.61
Jam filling,184.62,46.15,0.00,0.00,tablespoon,30.00,7.50,0.00,0.00
Jam tart,360.72,46.18,4.42,17.35,tart,130.54,16.71,1.60,6.28
Jellied sunshine fruit salad,48.86,4.21,5.85,0.85,small mould,121.43,10.45,14.54,2.11
Jelly biscuit,404.61,55.24,4.23,19.33,biscuit,72.45,9.89,0.76,3.46
Jhatpat achar with carrot (Jhatpat achaar gajar ke saath),91.21,6.32,1.98,6.55,,,,,
Jowar dosa,294.35,40.53,8.50,10.28,dosa,97.25,13.39,2.81,3.40
Kabuli channa curry,68.57,7.63,2.92,3.06,bowl,243.87,27.13,10.39,10.87
Kadhai Paneer,107.99,7.34,4.33,6.81,bowl,343.56,23.35,13.78,21.66
Kale salad,177.71,5.01,4.86,15.33,bowl,95.35,2.69,2.61,8.22
Kashmiri masala,389.02,23.16,8.26,31.03,,,,,
Kashmiri mutton koftas (Gushtaba),97.42,3.04,6.33,6.77,gushtaba,296.19,9.25,19.26,20.57
Kashmiri 'tahar',98.21,19.11,1.95,1.37,plate,319.82,62.23,6.36,4.45
Kashmiri tea (Kehwa),24.90,5.23,0.17,0.51,tea cup,63.93,13.43,0.45,1.30
Keema kofta curry,154.45,5.64,9.77,10.39,kofta,63.82,2.33,4.04,4.29
Keema pancake,176.27,9.56,9.01,11.25,pancake,194.58,10.55,9.94,12.41
Keema parantha/paratha,238.09,18.36,9.41,13.91,parantha,238.16,18.36,9.41,13.91
Kesari bath,244.57,31.38,2.40,12.59,bowl,432.24,55.46,4.23,22.24
Khakhra,178.50,27.66,4.78,5.32,khakhra,135.10,20.94,3.61,4.03
Khakhra chaat,358.66,16.64,4.52,30.65,plate,2996.46,139.04,37.80,256.05
Khaman (dhokla),54.73,5.36,1.92,2.80,dhokla,64.93,6.35,2.28,3.32
Khasta kachori,712.73,12.81,2.51,72.27,kachori,717.57,12.90,2.53,72.76
Khatta channa,202.57,21.14,6.30,10.56,bowl,318.15,33.20,9.89,16.59
Khoa and coconut pancake,271.98,27.32,6.98,15.29,pancake,193.51,19.44,4.97,10.88
Khoa coconut burfi,411.45,36.55,9.98,26.01,piece,206.76,18.37,5.01,13.07
Khoa ladoo,396.02,34.43,12.21,24.09,piece,178.21,15.49,5.49,10.84
Kidney bean curry (Rajmah curry),143.73,16.38,5.95,5.77,bowl,172.36,19.64,7.14,6.92
Kidney bean sandwich with cottage cheese,176.64,18.86,9.85,6.84,triangle,423.42,45.21,23.60,16.40
Kiwi granola pudding,280.99,32.33,5.60,15.36,bowl,1472.38,169.42,29.35,80.48
Kulfi,98.43,11.30,3.21,4.70,kulfi,265.87,30.53,8.67,12.69
Lasagne with meat sauce,63.38,5.38,2.90,3.43,dish,1124.63,95.51,51.49,60.95
Lasagne with vegetables,49.23,5.90,1.71,2.16,dish,865.02,103.75,29.96,37.96
Lassi (salted),18.84,1.86,1.35,0.72,tall glass,79.76,7.86,5.73,3.04
Lem-o-gin,21.52,5.55,0.08,0.03,glass,76.76,19.81,0.29,0.10
Lemon and ginger squash (Nimbu aur adrak ka squash),170.34,44.06,0.54,0.21,,,,,
Lemon butter fish,160.25,0.75,16.38,10.26,piece,320.49,1.51,32.77,20.52
Lemon cake,373.85,43.10,5.29,20.63,piece,228.05,26.29,3.22,12.58
Lemon chicken,169.79,0.55,20.20,9.66,plate,486.57,1.58,57.88,27.67
Lemon chiffon pie,259.31,27.63,4.88,14.52,pie,1389.91,148.12,26.15,77.80
Lemon cookies,394.48,42.19,5.63,23.02,cookie,617.36,66.02,8.81,36.02
Lemon coriander soup,108.06,10.32,2.27,6.26,bowl,52.52,5.01,1.10,3.04
Lemon curd filling,225.62,26.41,3.43,12.58,tablespoon,56.41,6.60,0.86,3.14
Lemon green chilli pickle (Nimboo aur hari mirch ka achaar),14.07,2.14,0.85,0.24,,,,,
Lemon meringue pie,224.43,35.11,3.88,8.16,slice,352.07,55.07,6.08,12.80
"Lemon rice (Pulihora, Elumichai sadam, Chitranna)",176.30,21.62,4.26,7.88,plate,562.69,69.01,13.58,25.15
Lemon souffle,168.51,13.43,6.95,10.02,souffle cup,399.36,31.83,16.47,23.75
Lemon squash (Nimbu ka squash),184.56,48.88,0.15,0.06,,,,,
Lemon tart,303.35,30.68,6.12,17.45,tart,165.14,16.70,3.33,9.50
Lemonade,20.80,5.48,0.03,0.01,glass,72.64,19.13,0.12,0.04
Lentil soup,31.17,3.94,9.65,11.68,soup bowl,121.31,15.35,37.57,45.46
Lentils and semolina porridge (Dal suji porridge/daliya),117.29,23.19,3.26,1.06,,234.58,46.38,6.52,2.12
Lentils and wheat porridge (Dal wheat porridge/daliya ),52.54,8.36,2.71,0.94,,89.44,14.24,4.62,1.60
Lichi squash,198.33,51.96,0.30,0.08,,,,,
Lobia curry,148.99,17.88,6.06,5.62,bowl,178.67,21.44,7.27,6.74
Lotus seed halwa (Kamal gattay ka halwa),370.55,39.56,7.79,20.69,piece,1343.24,143.41,28.24,74.99
Lotus stem curry (Kamal kakdi curry),110.34,9.24,1.53,7.25,bowl,223.25,18.69,3.09,14.67
Lotus stem kofta curry (Kamal kakdi kofta curry),633.56,5.01,0.96,67.76,bowl,4632.43,36.67,7.00,495.47
Lotus stem pickle (Kamal kakdi ka achar),102.69,20.07,1.44,1.60,jar,403.96,78.95,5.68,6.29
Low calorie quick mayonnaise,242.89,4.71,1.41,24.35,,,,,
Maa chaane ki dal,344.67,43.11,19.80,9.50,bowl,279.44,34.95,16.05,7.71
Macaroni salad,262.19,21.63,5.02,17.78,cup,422.24,34.83,8.08,28.64
Macroni cheese pie,170.63,21.10,5.85,7.48,casserole dish,408.65,50.52,14.01,17.92
Maize porridge,89.57,15.64,2.14,1.89,,152.27,26.59,3.64,3.21
Makhana kheer,107.85,12.88,3.31,5.00,bowl,299.94,35.82,9.21,13.92
Makki ki roti,263.97,24.19,3.49,16.85,roti,224.37,20.56,2.97,14.32
Mal pua,566.68,17.56,1.71,54.64,malqura,847.94,26.28,2.55,81.75
Mango cheesecake,152.46,20.06,2.39,7.30,slice,265.56,34.94,4.16,12.72
Mango ice cream,125.69,11.14,3.40,7.62,ice-cream cup,573.13,50.78,15.52,34.74
Mango malpua,334.64,12.84,1.65,30.67,piece,1314.71,50.45,6.48,120.50
Mango milkshake (Aam milkshake),56.90,7.23,1.73,2.35,tall glass,202.28,25.71,6.14,8.34
Mango milkshake with ice cream (Aam milkshake ice cream ke saath),68.35,9.18,1.93,2.80,tall glass,232.39,31.21,6.56,9.51
Mango mousse,124.98,9.14,3.21,8.47,cup,348.68,25.50,8.95,23.62
Mango murabba candy,293.35,77.32,0.27,0.05,candy,222.94,58.76,0.20,0.04
Mango pickle (Aam ka achaar),192.12,8.11,1.60,17.89,,,,,
Mango raita (Aam ka raita),67.37,8.23,3.90,2.14,bowl,107.00,13.07,6.20,3.41
Mango squash (Aam ka squash),194.66,50.96,0.17,0.17,,,,,
Mango vanilla custard,147.63,18.41,3.43,7.04,glass,300.06,37.41,6.97,14.32
Marble cake,354.11,46.88,6.30,16.27,piece,189.78,25.12,3.38,8.72
Marmalade (Murabba),143.76,37.64,0.23,0.04,,,,,
Masala arbi,185.38,16.16,3.01,11.90,bowl,215.37,18.77,3.49,13.83
Masala biscuit,393.64,45.18,6.06,20.75,biscuit,63.64,7.30,0.98,3.35
Masala dosa,164.58,19.57,3.29,7.84,dosa,345.08,41.02,6.89,16.44
Masala dosa mixed vegetable fillings,144.53,23.02,4.84,3.26,dosa,400.84,63.83,13.41,9.03
Masala dosa paneer fillings,243.12,29.76,10.31,8.84,dosa,479.75,58.72,20.34,17.45
Masala green chilli pakora/pakoda (Hari mirch kay pakode),668.76,5.55,2.22,71.01,pakora,458.92,3.81,1.53,48.73
Masala onion pakora/pakoda (Pyaaz ke pakode),551.64,6.48,2.05,57.61,pakora,389.03,4.57,1.44,40.63
Masala souffle ,123.51,8.02,6.38,7.37,souffle dish,1833.77,119.08,94.77,109.35
Masala urad dal vada,703.78,9.93,4.32,71.62,vada,602.03,8.50,3.70,61.26
Masala vada,826.02,4.06,1.69,89.15,vada,2228.20,10.96,4.55,240.50
Mashed banana with milk,95.43,14.62,2.51,2.99,,,,,
Mathri,805.12,12.32,1.75,83.10,kachori,702.18,10.75,1.53,72.47
Mayonnaise,774.86,1.65,1.86,84.52,,,,,
Mayonnaise vegetable dip,241.27,4.80,3.01,23.44,tablespoon,103.28,2.05,1.29,10.04
Mayonnaise without eggs,329.05,3.98,2.13,33.84,cup,1274.26,15.43,8.25,131.05
Meat and macaroni casserole,161.55,16.12,9.15,10.17,small casserole dish,647.01,64.58,36.63,40.72
Meat consomme (with mutton),29.76,0.51,14.86,13.68,bowl,184.51,3.16,92.11,84.79
Meat stock,24.48,0.00,2.10,1.78,cup,213.00,0.00,18.30,15.45
Melting moments,437.91,55.84,5.71,21.78,biscuit,72.86,9.29,0.95,3.62
Meringue and rice pudding,112.93,14.60,4.84,4.05,bowl,252.96,32.71,10.83,9.07
Methi chaman,475.62,2.78,1.54,50.91,bowl,4763.38,27.83,15.44,509.84
Methi malai paneer,194.98,8.15,7.34,14.76,bowl,377.04,15.76,14.20,28.54
Methi pakora/pakoda (Methi ke pakode),713.25,4.68,2.06,76.39,plate,4525.58,29.72,13.08,484.69
Methi parantha/paratha,148.36,22.19,4.27,4.34,parantha,135.30,20.24,3.90,3.96
Methi poori,710.02,7.98,1.45,74.60,poori,923.03,10.38,1.89,96.99
Methi thepla,346.16,41.34,8.98,15.95,thepla,126.16,15.07,3.27,5.81
Mexican rice,120.57,14.21,4.62,4.88,plate,624.24,73.60,23.94,25.27
Milk cake,127.41,9.13,3.01,8.93,slice,365.98,26.22,8.65,25.64
Milk cookies,459.43,48.43,10.49,24.96,cookie,573.57,60.46,13.10,31.16
Millet soup,55.99,8.22,11.26,12.57,bowl,129.64,19.03,26.08,29.10
Minced meat ball curry,109.79,2.86,6.82,7.85,bowl,409.60,10.66,25.43,29.28
Minced meat cutlet,531.86,5.61,5.10,54.47,cutlet,1241.01,13.08,11.90,127.09
Minced meat pancake (with chicken),116.04,8.18,12.01,10.48,pancake,155.93,10.99,16.14,14.08
Minced meat patties,265.72,15.25,6.88,19.57,patty,345.00,19.81,8.93,25.41
Minced meat pie,221.55,18.11,7.38,13.04,pie,783.93,64.10,26.11,46.14
Minced meat samosa (Keema ka samosa),620.99,6.14,4.43,64.26,samosa,837.51,8.28,5.97,86.67
Minestrone soup,42.66,3.71,9.30,11.09,soup bowl,98.17,8.55,21.41,25.51
Mint and coriander chutney (Pudinay aur dhaniye ki chutney),102.60,21.18,2.81,0.51,tablespoon,26.98,5.57,0.74,0.13
Mint and peanut raita (Pudinay aur moongfali ka raita),112.05,7.31,7.05,6.19,bowl,149.21,9.74,9.38,8.25
Mint and peanut sandwich,273.59,31.83,7.18,13.88,sandwich,134.29,15.62,3.52,6.81
Mint raita (Pudinay ka raita),77.59,7.65,5.64,2.96,bowl,81.21,8.00,5.90,3.10
Mint tomato chutney (Pudinay aur tamatar ki chutney),43.65,8.22,1.53,0.36,tablespoon,8.26,1.56,0.29,0.07
Mintade,40.32,10.59,0.03,0.02,glass,229.84,60.39,0.19,0.13
Mixed dal,61.93,5.79,2.51,3.10,bowl,184.44,17.25,7.46,9.24
Mixed pulse and vegetable salad,83.12,13.96,4.74,0.84,bowl,141.23,23.72,8.05,1.42
Mixed stock,25.19,0.33,2.06,1.71,cup,229.25,3.02,18.79,15.59
Mixed vegetable pakora/pakoda,673.81,5.12,1.94,71.86,plate,4544.85,34.56,13.08,484.67
Mixed vegetable pickle (Sabziyoon ka achaar),211.20,7.48,1.90,19.68,,,,,
Mixed vegetable pulao,113.05,17.49,2.72,3.33,plate,495.61,76.68,11.94,14.59
Mixed vegetable salad with curd sauce,60.28,7.03,4.23,1.50,bowl,129.86,15.15,9.11,3.23
Mixed vegetable soup,35.71,2.95,8.22,11.66,bowl,157.37,12.99,36.21,51.39
Mooli bhujia,91.20,4.74,1.69,7.25,bowl,180.96,9.41,3.35,14.39
Moong bean dosa (Pesarattu),285.96,31.91,12.32,11.67,pesarattu,75.94,8.47,3.27,3.10
Moong dal halwa,349.80,40.23,8.35,17.68,bowl,333.68,38.37,7.97,16.86
Moong dal kheer,77.16,9.89,2.95,2.97,bowl,312.82,40.11,11.97,12.06
Moong dal mixture,158.84,33.93,4.62,1.00,,,,,
Moong dal stuffed cheela/chilla (Moong dal ka cheela/chilla),154.89,19.42,6.97,5.11,cheela,352.10,44.16,15.85,11.63
Moong dal with vadi,24.08,1.00,0.40,2.05,curry bowl,87.28,3.61,1.44,7.42
Moti mahal dal (Urad rajmah mix dal),103.13,8.74,3.93,5.66,bowl,295.72,25.06,11.27,16.22
Mulligatawny soup,54.42,8.24,11.26,13.28,bowl,189.85,28.73,39.30,46.31
Murmura (Puffed rice),113.32,15.67,3.62,4.04,bowl,315.02,43.56,10.06,11.24
Murmura chikki,253.82,59.59,2.12,0.32,piece,66.63,15.64,0.56,0.08
Mushroom and cheese sandwich (toasted),227.42,21.01,7.79,13.01,triangle,172.27,15.92,5.90,9.85
Mushroom matar,70.77,5.33,2.79,4.11,bowl,186.06,14.02,7.34,10.80
Mushroom pulao,124.29,19.02,2.52,4.03,plate,445.44,68.16,9.04,14.44
Mushroom sauce,137.56,7.31,3.39,10.51,,,,,
Mustard sauce,158.58,8.29,3.98,12.17,,,,,
Mustard seeds baghar (Mustard seed tadka),552.59,10.45,4.73,54.30,,,,,
Mutton biryani/biriyani,190.76,22.50,7.38,7.72,plate,396.43,46.75,15.33,16.05
Mutton chops,663.64,1.48,4.03,71.31,chop,2320.31,5.17,14.09,249.34
Mutton do piaza,183.30,4.14,9.39,14.41,bowl,603.07,13.61,30.88,47.41
Mutton korma,115.64,2.53,7.09,8.54,bowl,423.78,9.28,25.99,31.28
Mutton pulao,130.77,11.26,6.52,10.78,plate,866.53,74.61,43.19,71.43
Mutton seekh kebab,133.94,3.11,11.25,8.43,kebab,60.25,1.40,5.06,3.79
Mutton yakhni,104.13,0.84,8.27,7.70,bowl,241.73,1.96,19.20,17.88
Naan,286.45,51.75,8.05,4.99,naan,152.30,27.52,4.28,2.65
Namkeen daliya,295.11,49.32,8.29,7.99,plate,346.14,57.85,9.72,9.37
Nannari sharbat,88.79,23.62,0.01,0.01,cup,990.01,263.41,0.12,0.11
Navratan pulao,261.71,36.98,6.20,9.45,plate,479.19,67.71,11.35,17.31
Oatmeal Porridge,72.85,8.77,2.60,3.22,bowl,289.96,34.89,10.33,12.82
Oats burfi,425.19,62.47,8.89,17.27,piece,256.18,37.64,5.35,10.40
Okra/Lady's fingers fry (Bhindi sabzi/sabji/subji),110.81,4.50,1.83,9.27,bowl,184.32,7.49,3.04,15.43
Olive biscuit,438.29,55.01,3.20,23.75,biscuit,207.31,26.02,1.52,11.23
Onion chutney (Pyaaz ki chutney/Vengaya chutney),143.94,13.52,2.97,8.38,cup,75.51,7.09,1.56,4.40
Onion pakora/pakoda (Pyaaz ke pakode),674.61,5.41,1.90,71.84,plate,4550.25,36.50,12.81,484.55
Onion raita (Pyaaz ka raita),71.56,7.86,4.86,2.43,bowl,111.99,12.31,7.60,3.80
Onion tomato baghar (Pyaaz tamatar ka tadka),137.52,6.17,1.26,11.98,,,,,
Onion tomato uttapam,462.02,11.32,1.91,45.30,uttapam,644.32,15.78,2.66,63.18
Onion-green chilli parantha/paratha (Pyaaz aur hari mirch ka parantha/paratha),191.27,26.37,4.37,7.27,parantha,146.23,20.16,3.34,5.56
Orange and pineapple cream,101.18,11.96,1.44,5.43,bowl,90.18,10.66,1.28,4.84
Orange biscuit,354.78,62.11,3.63,11.01,biscuit,214.64,37.58,2.19,6.66
Orange cake,357.61,48.28,6.10,16.21,piece,186.18,25.13,3.18,8.44
Orange chiffon pie,207.57,23.14,3.89,11.16,pie,1449.87,161.61,27.15,77.94
Orange cream flan,280.28,36.16,4.73,13.59,flan,1132.77,146.15,19.14,54.91
Orange cream tart,197.16,27.43,2.58,8.72,tart,142.32,19.80,1.86,6.30
Orange eggless cake,355.62,52.65,7.16,13.82,piece,352.66,52.21,7.10,13.71
Orange gateau,178.05,27.01,4.78,6.02,piece,142.10,21.56,3.81,4.81
Orange marmalade (Santray ka murabba),104.17,25.94,0.66,0.13,,,,,
Orange milkshake (Narangi milkshake),57.42,7.11,1.86,2.52,tall glass,183.44,22.71,5.96,8.06
Orange milkshake with ice cream (Narangi milkshake ice cream ke saath),67.82,9.15,1.95,2.75,tall glass,230.57,31.11,6.63,9.35
Orange omelette/omlet,194.66,1.68,8.93,16.84,egg,147.94,1.27,6.79,12.80
Orange souffle,168.28,14.20,6.80,9.73,souffle cup,410.61,34.65,16.59,23.73
Orange squash (Santre ka squash),193.26,50.88,0.22,0.04,,,,,
Paaner do pyaza,127.70,3.41,4.22,10.87,bowl,296.11,7.90,9.78,25.20
Pancake,203.36,20.49,5.68,10.82,pancake,85.97,8.66,2.40,4.57
Panchmel dal,111.22,10.71,4.63,5.36,bowl,334.60,32.22,13.91,16.11
Paneer and pea samosa (Paneer matar ka samosa),623.81,8.55,4.02,63.65,samosa,841.31,11.53,5.42,85.84
Paneer curry,176.52,8.40,7.80,12.38,bowl,357.15,16.99,15.78,25.06
Paneer cutlet,672.20,7.62,4.59,69.38,cutlet,1215.57,13.77,8.30,125.46
Paneer in butter sauce,145.61,9.70,6.99,8.81,bowl,228.30,15.21,10.95,13.81
Paneer kaathi roll,285.94,20.10,6.92,19.55,kaathi roll,424.15,29.82,10.26,29.01
Paneer kheer,105.31,10.03,4.53,5.37,bowl,304.78,29.03,13.10,15.55
Paneer kofta curry,670.91,3.27,2.39,72.06,bowl,4703.08,22.92,16.72,505.16
Paneer lababdar,105.48,3.37,3.98,8.46,bowl,403.24,12.87,15.23,32.36
Paneer makhana korma,775.82,4.63,3.24,82.76,bowl,4709.20,28.12,19.68,502.34
Paneer pakora/pakoda,718.12,5.52,3.27,76.05,plate,4644.45,35.73,21.15,491.86
Paneer parantha/paratha,262.97,24.33,7.98,14.62,parantha,223.60,20.68,6.79,12.43
Paneer patties,338.58,22.79,7.60,23.96,patty,340.99,22.96,7.65,24.13
Paneer pea sandwich (toasted) (Paneer matar ka sandwich),249.56,24.05,12.40,11.98,toasted triangle,221.79,21.38,11.02,10.64
Paneer potato cutlet (Paneer aloo cutlet),672.94,5.23,2.47,71.40,cutlet,2309.88,17.95,8.48,245.09
Paneer pulao,581.91,8.76,1.98,59.81,plate,4875.84,73.38,16.63,501.14
Paneer shaslik/tikka,93.85,7.98,5.11,4.49,plate,411.69,35.01,22.43,19.71
Paneer soup,47.85,2.42,3.22,2.80,bowl,292.25,14.81,19.68,17.11
Paneer stuffed cheela/chilla,205.19,19.16,11.44,8.89,cheela,435.68,40.68,24.28,18.87
"Paneer, apple and pineapple salad",95.08,8.35,3.88,5.07,bowl,245.07,21.52,10.01,13.06
Papdi,708.96,12.89,1.83,72.11,plate,1231.38,22.39,3.18,125.25
Parsley potato,119.51,13.81,1.49,6.28,bowl,129.67,14.99,1.62,6.81
Pasta cheese sauce,149.26,9.00,4.33,10.84,,,,,
Pasta hot pot,125.17,11.60,5.84,6.47,plate,1040.71,96.46,48.53,53.76
Pasta salad,190.36,12.70,4.15,13.92,bowl,410.70,27.39,8.96,30.03
Pasta spinach sauce,85.46,1.76,1.76,7.90,,,,,
Paushtik ladoo,485.87,60.34,7.65,24.98,ladoo,170.06,21.12,2.68,8.74
Paushtik roti,149.26,26.59,7.17,1.51,roti,64.10,11.42,3.08,0.65
Pav bhaji,96.53,11.99,2.66,4.32,,560.98,69.70,15.46,25.09
Pav bhaji masala,230.47,29.15,9.13,10.96,gm,2.62,0.33,0.10,0.12
Pavlova,200.60,21.84,1.84,12.29,meringue,725.45,79.00,6.67,44.44
Pea curry (Matar ki sabzi),102.99,9.20,4.51,5.11,bowl,285.63,25.50,12.51,14.17
Pea keema curry (Matar keema ki sabzi),133.00,6.24,8.43,8.14,bowl,457.30,21.46,29.00,27.98
Pea keema sandwich (toasted) (Matar aur keema ka sandwich),171.78,20.26,11.06,5.61,toasted triangle,145.39,17.14,9.36,4.75
Pea kofta curry (Matar kofta curry),595.66,4.17,2.01,63.39,bowl,4649.16,32.53,15.69,494.78
Pea mushroom curry (Matar mushroom),93.30,7.41,3.87,5.16,bowl,258.74,20.55,10.73,14.31
Pea paneer curry (Matar paneer),134.83,9.29,6.61,7.75,bowl,373.94,25.77,18.32,21.49
Pea parantha/paratha (Matar ka parantha/paratha),190.73,21.51,5.59,8.80,parantha,206.68,23.31,6.06,9.53
Pea potato curry (Aloo matar),100.92,9.74,3.48,5.13,bowl,279.89,27.01,9.66,14.22
Pea potato sandwich (toasted) (Matar aloo ka sandwich),164.90,25.17,4.60,5.43,toasted triangle,146.56,22.37,4.09,4.82
Pea vadi curry,101.95,8.90,4.64,5.08,bowl,292.93,25.57,13.32,14.59
Peach blueberry preserves,177.38,45.76,0.53,0.20,half-pints,685.58,176.88,2.03,0.78
Peach melba ice cream,200.85,16.31,2.06,14.51,sundae glass,460.14,37.36,4.71,33.23
Peanut and tomato sandwich (Moongfali aur tamatar ka sandwich),291.43,28.54,9.53,16.14,triangle,177.04,17.34,5.79,9.80
Peanut biscuit,401.05,46.72,8.45,20.41,biscuit,71.30,8.31,1.50,3.63
Peanut brittle (Moongfali ki chikki),320.46,47.46,6.94,11.13,piece,78.91,11.69,1.71,2.74
Peanut burfi (Moongfali ki burfi),550.99,48.14,9.31,36.84,burfi,116.63,10.19,1.97,7.80
Peanut butter cucumber sandwich,243.33,29.76,9.04,10.56,sandwich,134.44,16.44,5.00,5.83
Peanut chutney (Mungfali ki chutney),258.37,9.87,11.80,19.06,tablespoon,54.26,2.07,2.48,4.00
Peanut cutlet (Mungfali ke cutlet),698.77,5.68,2.63,74.00,cutlet,2367.67,19.23,8.90,250.75
Peanut pulao ,193.28,21.18,5.32,9.51,plate,691.73,75.81,19.03,34.05
Peanut raita (Mungfali ka raita),150.39,9.30,8.59,8.98,bowl,184.48,11.41,10.54,11.02
Peanut sago vada (Sabudana mungfali vada),749.89,7.14,1.01,79.82,vada,2291.54,21.82,3.10,243.93
Pear chocholate sunday,183.49,15.02,2.08,13.11,sundae glass,447.25,36.60,5.08,31.96
Pear preserves (Naashpati ka murabba),101.24,25.67,0.25,0.19,half-pints,603.53,153.00,1.50,1.11
Pearl millet infant food (Bajra shishu aahaar),362.44,62.10,11.98,6.62,,181.22,31.05,5.99,3.31
Pearl millet ladoo (Bajra ladoo),319.66,50.98,9.61,8.06,ladoo,151.84,24.22,4.57,3.83
Pearl millet mathri (Bajra mathri),785.08,7.42,1.82,83.12,piece,1178.60,11.14,2.74,124.79
Peas brinjal bhartha (Matar baingan bhartha),84.55,5.02,2.05,6.05,small bowl,221.23,13.13,5.37,15.84
Peas kachori (Matar kachori),584.68,13.25,3.21,57.51,kachori,632.21,14.32,3.47,62.18
Peas poori (Matar ki poori),592.83,14.92,3.04,57.69,poori,496.79,12.50,2.54,48.35
Peas pulao (Matar pulao),108.87,18.42,3.89,1.90,plate,513.75,86.90,18.38,8.98
Penne platter,177.40,20.87,5.04,8.71,plate,463.90,54.58,13.18,22.78
Phirni,116.12,16.11,3.49,4.34,bowl,337.00,46.75,10.12,12.61
Pickled cabbage ,13.69,2.56,0.39,0.14,jar,35.51,6.64,1.01,0.35
Pickled mustard greens ,13.12,1.05,1.51,0.22,jar,154.13,12.34,17.73,2.61
Pin wheel biscuit,404.60,54.56,5.40,18.66,biscuit,80.41,10.84,1.07,3.71
Pin wheel sandwich,311.52,14.00,8.77,24.93,triangle,86.84,3.90,2.44,6.95
Pineapple cake ,195.57,23.51,5.01,9.34,slice,1003.28,120.60,25.72,47.93
Pineapple jam ,149.18,38.27,0.32,0.15,,,,,
Pineapple milkshake (Ananas milkshake),55.72,7.62,1.66,2.23,tall glass,203.09,27.79,6.05,8.12
Pineapple milkshake with ice cream (Ananas milkshake ice cream ke saath),68.49,9.33,1.93,2.75,tall glass,232.87,31.71,6.56,9.36
Pineapple pastry ,208.21,29.04,6.06,7.87,pastry,189.99,26.50,5.53,7.19
Pineapple raita (Ananas ka raita),67.74,8.62,3.90,2.02,bowl,107.60,13.69,6.19,3.21
Pineapple souffle ,196.14,15.52,8.06,11.72,souffle cup,396.21,31.34,16.29,23.68
Pineapple squash (Ananas ka squash),195.02,51.34,0.16,0.05,,,,,
Pineapple tart,195.40,28.62,2.29,8.21,tart,150.83,22.09,1.77,6.34
Pineapple upside down pudding,257.73,35.73,3.15,11.91,large slice,344.40,47.75,4.21,15.92
Pizza,146.77,9.94,6.85,8.72,slice,436.35,29.56,20.36,25.94
Plain burfi (Burfi),408.32,30.88,9.82,27.96,burfi,177.85,13.45,4.28,12.18
Plain cream cake,353.94,47.18,6.18,16.17,piece,188.47,25.13,3.29,8.61
Plain dosa,380.91,64.08,10.34,8.43,dosa,137.60,23.15,3.73,3.05
Plain khitchdi (Plain khichri/khichdi),57.03,10.04,1.72,1.01,small bowl,327.36,57.64,9.86,5.78
Plain omelette/omlet,272.41,0.64,9.66,25.74,omelette,389.55,0.92,13.82,36.81
Plain parantha/paratha,298.30,30.69,5.06,16.86,parantha,166.31,17.11,2.82,9.40
Plain pulao,140.21,21.82,2.34,4.62,plate,431.70,67.17,7.20,14.23
Plain urad dal vada (Uzunne vada/Minapa garelu/Ulundu vadai/Medu vada),745.50,9.70,4.39,76.32,vada,588.01,7.65,3.46,60.19
Plum chutney (Aloo bukhara ki chutney),177.11,44.95,0.47,0.29,,,,,
Plum jam (Aloo bukhara jam),178.89,46.20,0.31,0.19,,,,,
Plum squash (Aloo bukhara squash),211.17,55.51,0.16,0.10,,,,,
Poached egg,123.87,0.37,11.98,8.19,egg,69.37,0.21,6.71,4.59
Poha,294.53,35.05,6.09,14.14,bowl,160.78,19.13,3.32,7.72
Poha with curd (Poha aur dahi),173.32,26.72,6.01,4.65,,,,,
Pomegranate raita (Anaar ka raita),72.64,7.15,4.05,3.24,bowl,104.79,10.32,5.84,4.67
Poori,737.63,8.22,1.35,77.61,poori,921.31,10.27,1.69,96.93
Poshtik chilla/cheela,159.53,27.47,4.85,3.04,cheela,115.37,19.86,3.51,2.20
Poshtik cutlet,496.45,7.39,2.00,50.94,cutlet,1195.62,17.79,4.83,122.68
Poshtik khichdi/khichri,93.37,15.64,3.04,1.88,plate,336.43,56.35,10.97,6.79
Poshtik namak paras,613.39,19.52,6.49,56.58,piece,79.13,2.52,0.84,7.30
Potato aigrettes,530.03,8.01,2.35,54.24,aigrette,219.41,3.31,0.97,22.45
Potato bonda (Aloo bonda),632.84,4.53,1.09,67.80,bonda,1134.09,8.13,1.95,121.50
Potato canjee (Aloo canjee),16.26,2.69,0.44,0.39,glass,31.76,5.24,0.85,0.76
Potato capsicum (Shimla mirch aloo),125.53,8.72,1.41,9.33,bowl,189.24,13.14,2.12,14.07
Potato cauliflower (Aloo gobhi),106.18,5.99,1.90,8.13,bowl,186.61,10.53,3.33,14.28
Potato curry (Aloo ki sabzi),89.56,10.42,1.52,4.47,bowl,180.52,21.00,3.06,9.01
Potato fenugreek (Aloo methi),135.15,8.47,2.25,10.04,bowl,276.04,17.30,4.59,20.51
Potato halwa (Aloo ka halwa),151.66,29.18,1.53,3.48,bowl,239.69,46.11,2.41,5.51
Potato kofta curry (Aloo kofta curry),455.40,2.78,0.56,49.08,bowl,4645.42,28.40,5.71,500.70
Potato nests,111.62,11.05,5.71,4.77,nest,213.71,21.15,10.93,9.12
Potato pakora/pakoda (Aloo pakoda),677.19,6.04,1.90,71.84,plate,4567.65,40.76,12.84,484.55
Potato parantha/paratha (Aloo ka parantha/paratha),205.04,23.92,3.70,10.22,parantha,191.43,22.33,3.45,9.54
Potato pickle (Aloo ka achaar),369.14,7.87,2.07,36.46,bowl,173.17,3.69,0.97,17.10
Potato raita (Aloo ka raita),75.38,10.24,4.22,2.04,bowl,118.85,16.14,6.65,3.22
Potato salad (Aloo ka salaad),89.91,11.19,1.40,4.40,bowl,212.18,26.41,3.30,10.38
Potato samosa (Aloo ka samosa),577.39,9.21,1.71,59.19,samosa,813.76,12.97,2.41,83.42
Potato stuffed poori (Aloo ki poori),776.74,9.40,1.52,81.35,poori,925.87,11.21,1.81,96.97
Potato with curd,73.18,12.01,3.19,1.33,,,,,
Prawn curry (with coconut) (Jhinga curry),109.55,3.10,8.54,6.93,bowl,313.44,8.88,24.44,19.83
Prawn sandwich,169.65,11.89,10.36,9.27,sandwich,386.79,27.11,23.62,21.14
Puffed wheat (Murmure/Moori),113.32,15.67,3.62,4.04,bowl,315.02,43.56,10.06,11.24
Puffy omelette/omlet,188.15,0.08,8.82,16.84,egg,142.99,0.06,6.70,12.80
Pulse mix,83.29,16.00,3.16,0.54,,111.06,21.33,4.21,0.73
Pumpkin coconut burfi (Kaddu aur nariyal ki burfi),186.18,17.02,1.75,12.66,piece,111.94,10.24,1.05,7.61
Pumpkin cookies ,218.40,44.69,2.51,3.93,cookie,186.63,38.19,2.15,3.36
Pumpkin halwa (Kaddu ka halwa),190.27,27.60,1.33,8.81,bowl,295.00,42.80,2.06,13.66
Pumpkin kheer (Kaddu ki kheer),86.35,10.44,2.76,3.86,bowl,231.16,27.94,7.39,10.34
Pumpkin raita (Kaddu ka raita),55.60,6.02,3.74,1.88,bowl,94.53,10.23,6.35,3.20
Pumpkin soup,40.05,2.08,0.47,3.20,bowl,127.51,6.61,1.50,10.19
Putharekulu,318.30,59.61,3.66,7.55,roll,170.29,31.89,1.96,4.04
Queen of pudding,132.92,16.35,5.51,5.38,large slice,432.99,53.26,17.94,17.52
Quinoa khichdi/khichri,64.01,8.83,3.18,1.59,bowl,203.71,28.11,10.12,5.06
Radish parantha/paratha (Mooli ka parantha/paratha),183.52,20.54,3.30,9.53,parantha,183.58,20.55,3.30,9.53
Rainbow sandwich,272.75,34.26,7.75,12.54,triangle,130.44,16.39,3.70,6.00
Rajbogh,133.70,28.16,1.71,2.28,piece,420.55,88.57,5.38,7.17
Rasam powder (Rasam masala),267.96,25.19,12.04,11.80,,,,,
Rasam with lemon (Nimmakaya rasam/Nimmakaya charu/Elumichai rasam/Nimbe hannina saaru),24.41,2.85,1.11,0.87,curry bowl,96.27,11.22,4.36,3.45
Rasam with tamarind (Puli rasam/ Chintapandu rasam/ Charu/Saaru),26.74,3.37,1.13,0.88,curry bowl,104.25,13.14,4.41,3.44
Rasbhari,130.05,28.27,1.52,1.92,piece,405.44,88.13,4.73,5.98
Rasgulla,118.64,25.79,1.38,1.75,piece,405.44,88.13,4.73,5.98
Rasmalai,135.55,29.17,1.61,2.11,piece,430.28,92.60,5.12,6.69
Raspberry bavarian cream,150.10,17.82,3.34,7.88,small mould,355.75,42.24,7.92,18.67
Raspberry shortbread cookies,441.12,61.25,3.00,21.25,cookie,163.49,22.70,1.11,7.88
Raw banana kofta curry (Kela kofta curry),627.27,3.40,0.62,67.98,bowl,4561.33,24.76,4.52,494.33
Raw mango chutney (Kachhe aam/Kairi ki chutney),193.13,49.94,0.51,0.16,,,,,
Raw mango drink (Aam panna),35.92,9.05,0.16,0.03,tall glass,96.44,24.29,0.42,0.07
Raw papaya with coconut (Papaya thoran),132.75,5.58,1.54,11.42,bowl,198.51,8.34,2.30,17.08
Raw turnip with coconut ,132.15,5.78,1.80,11.47,bowl,197.61,8.64,2.70,17.15
Ribbon sandwich,239.26,24.76,6.26,13.37,ribbon,102.29,10.58,2.68,5.72
Rice dal porridge (Chawal dal ki khichdi/khichri),383.33,65.04,10.80,8.33,,127.78,21.68,3.60,2.78
Rice flakes (Chiwda/Aval),112.44,15.57,3.62,3.99,bowl,312.58,43.28,10.06,11.09
Rice flakes and roasted channa ,333.40,71.94,10.57,2.94,,,,,
Rice kheer (Chawal ki kheer),75.03,10.05,2.30,2.97,bowl,300.94,40.31,9.21,11.92
Rice moong dal cheela (Chawal aur moong dal ka cheela),798.26,11.13,2.74,82.44,cheela,1163.47,16.22,3.99,120.15
Rice murukku,593.99,33.29,5.41,48.22,piece,183.29,10.27,1.67,14.88
Rice puttu (Ari puttu),81.98,11.82,1.26,3.13,puttu,344.41,49.66,5.29,13.13
Rice upma,151.27,17.96,2.63,7.46,bowl,160.73,19.08,2.79,7.92
Rich chocolate mousse,188.26,10.84,7.96,12.19,cup,396.29,22.81,16.75,25.65
Roast chicken,199.90,0.10,20.49,13.06,joint,266.62,0.13,27.32,17.42
Roast potatoes ,87.32,14.52,1.53,2.35,potato,67.49,11.22,1.18,1.82
Roasted cauliflower steak,78.68,2.02,2.05,6.70,cauliflower steak,84.48,2.17,2.20,7.19
Roghan josh,139.59,4.93,9.56,9.02,bowl,329.44,11.63,22.56,21.29
Rolled sandwich,293.07,34.69,6.45,15.29,sandwich,64.47,7.63,1.42,3.36
Royal icing,332.58,86.53,1.74,0.02,,,,,
Russian salad,114.83,6.50,4.26,7.84,bowl,363.43,20.57,13.49,24.80
Saffron biscuit (Kesar biscuit),458.61,59.70,6.05,22.01,biscuit,50.51,6.58,0.67,2.42
Saffron milk (Kesariya doodh),102.18,12.64,3.17,4.57,glass,268.47,33.22,8.33,12.00
Sago cutlet/vadas (Sabudana cutlet/vadas),558.76,11.23,0.56,56.97,cutlet,1178.05,23.67,1.19,120.11
Sago khitchdi/khichri (Sabudana khitchdi/khichri),187.16,22.41,2.72,10.10,bowl,507.89,60.82,7.38,27.41
Sajina,345.26,66.87,10.81,3.03,,172.63,33.43,5.41,1.52
Salami sandwich,255.59,21.54,8.70,15.51,triangle,189.78,15.99,6.46,11.52
Sambar,96.92,10.57,3.35,4.38,bowl,249.32,27.19,8.62,11.27
Sambar powder (Sambar masala),297.46,23.38,12.50,15.58,,,,,
Sarson ka saag,87.84,5.33,3.00,5.86,bowl,124.26,7.53,4.25,8.29
Sattu drink,23.38,5.16,0.56,0.14,glass,124.87,27.54,3.02,0.74
Saunth/Sonth chutney with ginger,84.22,20.62,0.28,0.11,tablespoon,27.71,6.79,0.09,0.03
Saunth/Sonth chutney with tamarind/imli,141.53,33.55,1.01,0.15,teaspoon,25.05,5.94,0.18,0.03
Sauteed radishes with green beans,94.32,6.04,2.41,6.61,plate,91.11,5.83,2.33,6.38
Savoury cheese horns,295.15,21.38,5.66,20.71,horn,218.16,15.80,4.18,15.30
Savoury puffs,190.79,10.80,9.51,15.24,puff,264.00,14.95,13.16,21.09
Schezwan chutney,205.19,10.79,3.33,17.72,box,1553.26,81.69,25.18,134.16
Scotch egg,676.89,1.91,4.05,72.62,piece,2318.05,6.53,13.87,248.70
Scrambled egg (Ande ki bhurji),155.97,1.35,10.29,12.21,egg,109.18,0.95,7.20,8.55
Semolina burfi (Suji/Rava burfi),348.67,47.10,3.47,16.86,piece,163.25,22.05,1.62,7.90
Semolina cake (Suji/Rava cake),374.14,31.32,6.58,25.18,square,220.74,18.48,3.88,14.86
Semolina carrot vada (Suji gajar vada),699.53,6.52,1.56,74.07,vada,1138.48,10.61,2.54,120.56
Semolina dhokla (Suji/Rava dhokla),194.91,30.86,5.44,5.20,plate,195.36,30.94,5.45,5.21
Semolina dosa (Suji/Rava dosa),227.05,32.84,7.30,7.12,dosa,166.69,24.11,5.36,5.22
Semolina halwa (Suji ka halwa),225.65,24.67,2.16,13.38,bowl,360.18,39.37,3.45,21.36
Semolina idli (Suji/Rava idli),206.39,33.67,9.34,3.47,idli,61.14,9.98,2.77,1.03
Semolina kheer (Suji/Rava kheer),113.21,15.88,3.43,4.20,bowl,260.87,36.60,7.90,9.69
Semolina ladoo with coconut (Suji/Rava aur nariyal ke ladoo ),464.43,50.90,5.68,27.03,ladoo,168.94,18.52,2.06,9.83
Semolina ladoo with khoya (Suji/Rava aur khoye ke ladoo ),428.71,52.86,6.71,21.86,ladoo,126.12,15.55,1.97,6.43
Semolina ladoo with nuts (Suji/Rava ladoo with nuts),441.84,48.02,5.44,25.45,piece,138.63,15.07,1.71,7.99
Semolina milk drink (Thari kanji),44.16,6.93,0.98,1.36,cup,116.35,18.25,2.59,3.59
Semolina porridge (Suji/Rava daliya),100.89,12.39,3.75,4.08,bowl,280.49,34.44,10.43,11.35
Semolina upma (Suji/Rava upma),147.89,16.31,3.30,7.49,bowl,157.14,17.33,3.51,7.96
Sesame biscuit (Til ke biscuit),424.03,53.65,8.27,19.34,biscuit,61.66,7.80,1.20,2.81
Sesame chickpeas brittle (Til aur channe ki chikki),282.74,50.49,8.50,4.66,piece,98.96,17.67,2.97,1.63
Sesame ladoo (Til ke ladoo),396.96,43.50,10.70,19.64,ladoo,109.16,11.96,2.94,5.40
Sesame toast,495.19,11.15,1.90,49.38,toasted triangle,309.18,6.96,1.19,30.83
Sev (Omapodi/Karapusa),609.14,12.87,5.12,60.08,plate,834.22,17.63,7.01,82.27
Shahi chicken masala,163.70,4.07,9.82,12.02,bowl,571.54,14.19,34.30,41.96
Shahi keema kofta curry,418.13,1.73,4.14,43.83,bowl,2580.27,10.69,25.55,270.44
Shahi paneer,156.50,6.64,5.06,12.34,bowl,405.86,17.22,13.13,32.01
Shahi suji halwa,382.34,44.44,3.48,21.73,bowl,375.84,43.68,3.42,21.36
Shahi tukre,189.81,41.46,2.76,2.54,tukra,193.43,42.25,2.82,2.59
Shammi kebab,685.69,3.54,4.52,72.61,kabab,1173.95,6.06,7.73,124.31
Shepherd's pie (vegetarian),135.63,12.03,5.04,7.30,bowl,367.11,32.57,13.64,19.77
Shepherd's pie (with minced meat),142.78,8.06,7.45,8.88,dish,267.88,15.12,13.98,16.66
Shishu ahar,93.37,17.42,2.61,1.43,,124.49,23.22,3.48,1.91
Short bread cookies,443.09,64.82,6.03,17.98,biscuit,77.82,11.38,1.06,3.16
Short crust pastry,422.10,44.72,6.11,23.98,,,,,
Small onion pickle ,16.86,2.76,1.65,0.64,bowl,18.92,3.10,1.85,0.72
Snow flakes pudding,95.21,8.07,4.67,4.97,bowl,302.78,25.67,14.87,15.80
Soft Custard (stirred),109.18,11.19,5.01,5.07,bowl,272.41,27.92,12.51,12.64
Sour cream potato salad,121.90,9.05,2.89,8.13,small bowl,276.51,20.54,6.55,18.43
Sour lentils (Khatti dal),34.79,6.04,2.22,0.12,curry bowl,126.18,21.90,8.04,0.45
Soya chikki,423.70,62.89,7.18,15.51,piece,318.83,47.32,5.41,11.67
Soya chunks and peas (Nutrinugget matar),82.62,5.82,3.03,5.11,bowl,184.17,12.97,6.75,11.39
Soya chunks korma (Nutrinugget korma),131.43,7.67,3.86,9.50,bowl,326.86,19.08,9.60,23.62
Soya chunks sweet and sour (Nutrinugget sweet and sour),500.94,3.27,2.85,55.99,bowl,2312.30,15.11,13.17,258.45
Soya roti,283.96,40.03,9.18,9.23,roti,142.93,20.15,4.62,4.64
Soya seekh kebab,115.05,10.00,5.40,5.88,kabab,65.75,5.72,3.08,3.36
Soyabean curry,163.28,6.76,10.43,10.19,bowl,195.80,8.11,12.50,12.22
Soyabean muthias,839.33,3.70,2.46,90.45,muthia,1126.44,4.97,3.30,121.39
Soyabean namak paras,838.46,4.65,2.65,89.83,plate,2294.25,12.72,7.25,245.78
Soyabean tikki,698.17,4.39,3.53,74.02,tikki,1156.34,7.26,5.85,122.59
Spaghetti and cheese balls in tomato sauce,508.32,7.82,2.41,52.08,plate,4908.38,75.46,23.26,502.89
Spaghetti bolognese,97.43,10.04,9.35,9.51,shallow dish,364.68,37.59,35.00,35.62
Spaghetti with meat balls and tomato sauce,158.13,10.46,5.61,10.64,shallow dish,878.84,58.12,31.16,59.14
Spaghetti with paneer balls and tomato sauce,158.54,12.72,3.95,10.44,shallow dish,785.99,63.09,19.60,51.75
Spanish omelette/omlet,157.45,5.10,8.25,11.44,egg,239.32,7.75,12.54,17.39
Spanish rice,164.24,31.10,4.19,2.23,plate,357.22,67.64,9.11,4.86
Spicy chutney sandwich,249.58,34.03,8.74,9.58,sandwich,143.92,19.62,5.04,5.52
Spicy corn chaat ,479.80,11.45,4.61,46.55,plate,2659.17,63.44,25.53,258.00
Spinach and paneer souffle ,186.19,9.64,7.56,13.49,souffle dish,839.74,43.48,34.10,60.86
Spinach and potato (Palak aloo),57.17,5.91,1.63,2.82,bowl,191.57,19.81,5.46,9.45
Spinach burfi (Palak burfi),121.17,12.76,2.71,6.81,piece,105.57,11.12,2.36,5.94
Spinach chickpeas cutlet (Palak channa dal cutlet),688.03,4.93,1.44,73.60,cutlet,2255.60,16.17,4.72,241.28
Spinach khichri (Palak khichri/khichdi),102.18,17.35,3.43,1.91,,153.52,26.07,5.15,2.87
Spinach kofta curry (Palak kofta curry),571.78,3.56,1.09,61.49,bowl,4609.49,28.74,8.75,495.73
Spinach mushroom (Palak mushroom),47.63,2.95,1.94,2.96,bowl,140.54,8.72,5.73,8.72
Spinach mushroom scrambled egg (Palak mushroom bhurji),158.85,0.59,13.28,11.51,plate,184.98,0.68,15.46,13.40
Spinach mutton (Palak mutton),80.32,3.45,5.74,4.71,bowl,390.38,16.76,27.91,22.89
Spinach pakora/pakoda (Palak pakoda),712.62,4.68,1.96,76.38,plate,4521.57,29.67,12.47,484.62
Spinach paneer (Palak paneer),77.68,4.43,4.03,4.76,bowl,229.55,13.09,11.92,14.07
Spinach paneer kofta curry (Palak paneer kofta curry),606.03,2.94,1.43,65.41,bowl,4620.94,22.44,10.88,498.74
Spinach peanut burfi (Palak aur mungfali ki burfi),105.37,13.59,3.36,4.39,,252.89,32.62,8.05,10.55
Spinach peanut namak paras (Palak moongfali namak paras),740.16,6.62,1.65,78.51,plate,2339.85,20.92,5.23,248.19
Spinach poori (Palak poori),684.25,7.76,1.42,71.86,poori,923.74,10.47,1.92,97.01
Spinach raita (Palak ka raita),52.75,5.06,3.95,1.86,bowl,107.18,10.28,8.02,3.78
Spinach souffle ,150.18,6.27,7.36,10.52,small bowl,300.87,12.57,14.74,21.08
Spinach soup (Palak ka soup),32.59,3.03,10.54,14.26,bowl,163.88,15.21,52.98,71.72
Spinach soup in milk ,56.72,3.98,2.89,3.20,,,,,
Split bengal gram burfi/fudge (Channa dal burfi),287.36,54.63,4.65,7.09,piece,176.01,33.46,2.85,4.34
Split bengal gram dal (Channa dal),99.67,9.99,4.15,4.62,bowl,291.20,29.20,12.13,13.50
Split bengal gram dal and vegetable pulao (Channa dal and vegetable pulao),116.53,19.72,3.60,2.30,plate,514.92,87.14,15.91,10.15
Split bengal gram sweet rice (Channa dal sweet rice),190.21,41.07,4.15,0.64,plate,418.47,90.36,9.14,1.42
Split bengal gram with bottle gourd (Channa dal with ghiya/lauki),73.25,7.10,2.79,3.60,bowl,204.25,19.80,7.78,10.05
Sponge cake ,253.77,44.63,9.18,4.74,,,,,
Spring basket salad,160.46,11.61,3.36,11.30,basket,336.96,24.37,7.06,23.72
Spring roll,623.87,8.56,1.81,64.63,spring roll,587.39,8.06,1.70,60.85
Sprouted moong dal chat,32.47,6.01,1.35,0.32,plate,83.30,15.40,3.46,0.82
Sprouted moong daliya ,111.56,14.77,2.81,4.71,plate,352.54,46.68,8.86,14.88
Sprouted moong parantha/paratha,228.59,24.31,4.29,12.43,parantha,175.32,18.64,3.29,9.53
Sprouted moong poha ,192.60,26.60,5.59,6.89,plate,368.51,50.90,10.70,13.17
Sprouted moong pulao,112.97,17.49,2.19,3.61,plate,460.81,71.35,8.93,14.72
Sprouted moong raita ,60.89,6.13,4.62,2.19,bowl,92.97,9.35,7.06,3.34
Sprouted moong salad ,37.81,5.48,2.29,0.74,bowl,77.03,11.17,4.66,1.51
Sprouts upma ,316.25,44.96,9.50,10.44,plate,301.49,42.86,9.06,9.95
Starfruit preserves ,128.93,33.62,0.24,0.12,jar,209.51,54.63,0.39,0.19
Steamed cake with chocolate sauce,301.91,29.06,4.49,19.01,small mould,718.54,69.17,10.69,45.25
Steamed orange pudding,278.03,41.53,2.34,12.04,large slice,298.77,44.62,2.52,12.93
Steeped hot coffee,15.91,3.01,0.39,0.33,tea cup,32.13,6.08,0.78,0.67
Stewed apple,91.93,22.49,0.17,0.37,,,,,
Stewed apple with custard,92.87,18.36,1.27,1.82,piece,263.29,52.05,3.60,5.16
Stewed fruit (with pear),74.32,18.22,0.25,0.32,bowl,89.56,21.96,0.30,0.39
Strawberry and vanilla cake with butter icing,370.54,44.25,3.89,20.39,slice,431.68,51.56,4.53,23.75
Strawberry ice cream,215.61,12.26,4.15,16.96,ice cream cup,392.13,22.29,7.55,30.84
Stuffed baked potatoes ,100.20,11.03,3.82,4.39,potato,104.25,11.48,3.97,4.57
Stuffed bittergourd (dry) (Bharwa karela),217.65,2.49,1.29,22.38,bowl,230.90,2.64,1.37,23.75
Stuffed bittergourd (wet) (Bharwa karele),162.36,4.68,1.36,15.24,bowl,254.05,7.32,2.13,23.85
Stuffed bottle gourd (Stuffed ghiya/lauki),93.19,4.36,5.84,5.80,portion,330.81,15.48,20.72,20.60
Stuffed brinjal (Bharwa baingan),93.00,3.96,1.53,7.73,brinjal,51.50,2.19,0.85,4.28
Stuffed capsicum (Bharwa shimla mirch),90.94,8.26,1.34,5.70,capsicum,114.13,10.36,1.68,7.16
Stuffed egg omelette/omlet,203.51,2.30,8.60,17.77,omelette,533.21,6.03,22.54,46.57
Stuffed okra (Bharwa bhindi),94.34,3.85,2.08,7.66,bowl,104.25,4.26,2.30,8.46
Stuffed round gourd (Bharwa tinde),72.80,4.02,1.10,5.75,bowl,180.72,9.98,2.74,14.27
Stuffed tomatoes (Bharwa tamatar),93.35,6.19,3.28,6.06,tomato,126.49,8.39,4.45,8.21
Submarine sandwich,216.92,13.60,6.09,15.32,hot dog bun,421.63,26.44,11.83,29.78
Summer cooler,22.43,5.43,0.37,0.04,tall glass,110.95,26.87,1.85,0.18
Sunflower cookies,520.62,40.06,9.49,36.28,cookie,954.30,73.44,17.39,66.50
Sunset and sunrise open sandwich,241.31,18.89,8.58,15.14,sandwich,199.68,15.63,7.10,12.53
Sweet and salty biscuit (Meethay aur namkeen biscuit),407.96,45.09,6.15,22.39,biscuit,43.74,4.83,0.66,2.40
Sweet and sour tomato pickle (Khatta meetha tamatar ka achaar),60.88,6.55,1.26,3.24,,,,,
Sweet corn soup,32.25,3.56,0.99,1.63,bowl,126.48,13.98,3.88,6.40
Sweet couscous dessert,196.20,29.69,3.81,7.69,bowl,451.75,68.37,8.78,17.71
Sweet Lassi (Meethi lassi),35.66,6.51,1.29,0.68,tall glass,157.80,28.80,5.70,3.00
Sweet lemon pickle (Neembu ka meetha achaar),69.54,16.87,1.22,0.21,,,,,
Sweet open sandwich,244.25,39.24,4.99,8.15,triangle,144.11,23.15,2.94,4.81
Sweet peach pickle (Aadoo ka achaar),144.64,37.01,0.46,0.20,jar,349.29,89.38,1.12,0.49
Sweet plain biscuit,380.76,50.29,5.86,17.67,biscuit,54.47,7.19,0.84,2.53
Sweet poori (Meethi poori),782.75,14.26,2.12,79.63,poori,1193.69,21.75,3.23,121.44
Sweet potato biscuit (Shakarkand ke biscuit),296.40,38.13,5.14,13.31,biscuit,447.31,57.55,7.75,20.08
Sweet raita (Meetha raita),99.24,17.93,3.24,1.78,bowl,190.55,34.43,6.22,3.42
Sweet rice (Meethe chawal),215.41,42.59,2.10,4.57,plate,749.13,148.12,7.29,15.88
Sweet split chickpea roti (Sweet channa dal roti/Puranpoli),366.59,62.66,9.51,7.93,roti,195.67,33.44,5.08,4.23
Sweet wheat porridge (Sweet dalia),140.66,23.77,5.11,2.79,,,,,
Sweetened yogurt (Shrikhand),107.18,16.02,5.27,2.89,bowl,326.50,48.79,16.07,8.81
Swiss roll,251.87,48.34,7.30,3.77,swiss roll,159.31,30.57,4.62,2.38
Talaumein soup,35.63,4.17,10.12,12.78,soup bowl,131.48,15.39,37.36,47.18
Tamarind chutney (Chintapandu pachadi/Puli chutney),109.15,25.07,0.88,0.48,ml,3.95,0.91,0.03,0.02
Tamarind rice (Chintapandu pulihora/Puliyodharai/Puli sadam/Huli anna),373.04,65.08,7.45,8.53,plate,476.86,83.19,9.53,10.91
Tandoori chicken,145.20,2.34,16.26,7.93,chicken,2092.02,33.66,234.33,114.30
Tandoori fish,95.98,2.37,11.19,4.64,piece,224.23,5.55,26.15,10.85
Tandoori parantha/paratha,295.37,30.74,5.08,16.51,parantha,164.42,17.11,2.83,9.19
Tartare sauce,610.93,2.96,1.44,66.12,,,,,
Thandai,101.18,9.13,3.59,5.89,glass,256.45,23.15,9.10,14.92
Thickened sweetened milk (Rabri),102.79,10.55,3.52,5.35,bowl,226.44,23.23,7.74,11.78
Thousand island dressing,407.87,4.49,1.37,42.87,,,,,
Tomato and cucumber sandwich (Tamatar aur kheere ka sandwich),150.68,20.51,4.03,6.31,sandwich,118.66,16.15,3.17,4.97
Tomato aspic,50.37,5.02,6.87,0.26,small mould,107.16,10.69,14.62,0.56
Tomato chicken,111.68,2.13,10.57,6.71,bowl,196.84,3.76,18.63,11.84
Tomato chutney (Tamatar ki chutney),176.07,31.85,0.97,6.01,,,,,
Tomato fish,489.79,3.18,2.39,51.91,bowl,4740.81,30.75,23.18,502.43
Tomato ginger chutney (Tamatar adarak ki chutney),44.66,9.11,1.05,0.32,tablespoon,7.33,1.50,0.17,0.05
Tomato ketchup,33.07,6.48,0.91,0.30,,,,,
Tomato onion raita (Tamatar aur pyaaz ka raita),59.00,7.08,3.74,1.84,bowl,104.83,12.58,6.64,3.27
Tomato puree,20.62,3.68,0.75,0.25,,,,,
Tomato sandwich (grilled),189.92,21.29,6.26,9.39,sandwich,145.77,16.34,4.80,7.20
Tomato sauce,34.33,7.23,0.81,0.27,,,,,
Tossed green salad,49.88,3.82,1.33,3.24,small bowl,108.73,8.32,2.91,7.06
Tossed salad,62.96,4.95,1.02,4.22,bowl,214.69,16.88,3.49,14.39
Triffle pudding,116.97,18.24,2.93,3.93,bowl,341.84,53.30,8.57,11.50
Tutti fruitti biscuit,420.78,53.12,5.21,17.90,biscuit,457.39,57.74,5.66,19.46
Tutti frutti cake,347.72,52.94,4.49,12.68,cake,2949.55,449.04,38.09,107.58
Urad sabut special,79.39,5.03,2.33,5.46,bowl,350.76,22.23,10.29,24.13
Urad special dehusked,69.43,8.86,3.14,2.17,curry bowl,184.84,23.59,8.36,5.77
Uttapam,255.95,36.28,6.18,9.03,uttapam,174.15,24.68,4.21,6.14
Vanilla ice cream with apples in hot cherry sauce,196.32,22.75,1.73,11.45,dish,492.66,57.09,4.35,28.74
Vanilla ice cream with egg,214.85,11.71,4.16,17.02,ice cream cup,389.15,21.21,7.54,30.84
Vanilla ice cream without egg,228.67,14.21,2.69,18.15,ice cream cup,359.87,22.36,4.23,28.56
Vanilla souffle,187.85,14.78,7.71,11.19,souffle cup,408.58,32.15,16.78,24.35
Veg manchurian,585.64,6.82,0.89,61.65,plate,1141.69,13.29,1.73,120.19
Veg paneer stew,145.55,10.22,6.98,8.41,bowl,344.74,24.20,16.54,19.91
Vegetable and cheese pie,126.88,8.76,4.03,8.28,dish,615.15,42.46,19.53,40.15
Vegetable and mayonnaise sandwich,244.26,23.20,4.47,15.40,triangle,166.83,15.85,3.06,10.52
Vegetable biryani/biriyani,174.61,18.56,3.16,9.51,plate,526.55,55.96,9.53,28.67
Vegetable burger,519.93,13.69,3.26,50.63,burger,2678.94,70.53,16.81,260.88
Vegetable chowmein,129.71,15.44,3.07,6.36,plate,388.60,46.27,9.19,19.05
Vegetable curry with coconut ,83.07,7.19,2.77,4.66,bowl,308.67,26.70,10.31,17.30
Vegetable cutlet,665.45,4.68,1.25,71.33,cutlet,2247.57,15.82,4.21,240.91
Vegetable jalfrezi,68.48,5.43,1.40,4.38,bowl,68.88,5.46,1.41,4.40
Vegetable khichdi/khichri,143.17,19.57,5.61,4.53,,,,,
Vegetable mix,174.21,36.02,4.70,0.94,,174.21,36.02,4.70,0.94
Vegetable namkeen jave,112.23,18.98,2.93,2.51,plate,409.97,69.32,10.71,9.15
Vegetable pancake,125.18,12.24,3.87,6.57,pancake,146.64,14.33,4.53,7.70
Vegetable patties ,261.92,20.98,4.01,17.74,patty,303.07,24.27,4.64,20.53
Vegetable poha,180.52,21.52,4.89,8.07,bowl,176.60,21.05,4.78,7.89
Vegetable samosa,443.11,13.22,2.21,42.22,samosa,447.23,13.34,2.23,42.62
Vegetable seekh kebab,690.73,5.32,1.57,73.72,kabab,1136.38,8.76,2.59,121.28
Vegetable soup,55.21,7.60,2.22,1.55,,,,,
Vegetable stock,17.60,0.96,0.30,1.38,cup,73.13,3.99,1.25,5.72
Vegetable upma,146.47,16.46,4.73,6.63,plate,345.17,38.78,11.14,15.63
Vegetable yakhni,406.06,1.94,1.18,43.80,bowl,2329.72,11.13,6.74,251.28
Vegetables stir fry ,30.78,3.19,1.04,1.47,small bowl,119.59,12.41,4.02,5.72
Vegetarian club sandwich,198.33,19.68,5.45,11.33,triangle,164.37,16.31,4.52,9.39
Vegetarian egg kofta curry,627.41,4.26,1.33,67.24,bowl,4649.08,31.57,9.84,498.26
Vegetarian nargisi kofta curry,332.15,6.58,2.29,32.94,kofta,1325.26,26.25,9.13,131.43
Vegeterian scotch egg,681.67,4.64,2.16,72.77,piece,2277.34,15.51,7.23,243.12
Vermicelli kheer (Semiya/Seviyan ki kheer),120.07,15.87,3.35,5.00,bowl,279.08,36.90,7.80,11.61
Vermicelli porridge (Semiya/Seviyan porridge),78.40,10.56,2.50,2.98,bowl,310.85,41.89,9.90,11.83
Vermicelli upma (Semiya/Seviyan upma),149.11,16.88,3.11,7.45,bowl,158.43,17.93,3.31,7.91
Victorian sandwich cake,373.09,44.74,5.18,19.83,piece,239.24,28.69,3.32,12.72
Waldroff salad,141.75,11.02,1.47,10.05,bowl,349.42,27.16,3.63,24.78
Walnut chutney (Akhrot ki chutney),370.43,8.91,9.44,33.46,tablespoon,45.92,1.10,1.17,4.15
Washed moong dal (Dhuli moong ki dal),50.00,5.91,2.68,1.68,bowl,138.51,16.36,7.42,4.66
Washed urad dal (Dhuli urad ki dal),61.32,5.84,2.51,2.98,bowl,181.52,17.29,7.43,8.82
Watercress sandwich,229.42,28.03,5.17,11.47,triangle,124.17,15.17,2.80,6.21
Wheat and gram flour ladoo (Atta besan ladoo),501.70,50.50,9.38,29.86,piece,151.76,15.28,2.84,9.03
Wheat cake,314.63,41.13,4.79,14.95,piece,210.21,27.48,3.20,9.99
Wheat flakes,112.44,15.57,3.62,3.99,bowl,312.58,43.28,10.06,11.09
Wheat flour and moong dal burfi (Atta aur moong dal ki burfi),441.08,60.00,9.84,18.41,piece,115.78,15.75,2.58,4.83
Wheat flour and nuts ladoos (Atta nuts ladoos),391.90,44.31,9.46,19.19,ladoo,142.06,16.06,3.43,6.96
Whey soup,68.91,6.26,3.45,3.34,bowl,153.96,13.98,7.72,7.46
White sauce (medium),151.27,7.98,3.36,11.76,,,,,
White sauce (thick),209.69,10.24,3.43,17.19,,,,,
White sauce (thin),115.17,6.58,3.31,8.41,,,,,
White stock,6.99,0.40,0.07,0.56,cup,53.45,3.05,0.52,4.25
Whole masoor (Masoor ki dal),54.05,5.37,2.28,2.52,bowl,185.05,18.40,7.80,8.62
Whole moong (Moong ki dal),53.70,5.22,2.25,2.56,bowl,183.83,17.87,7.70,8.78
Whole moth (Moth ki dal),55.00,5.74,2.01,2.62,bowl,188.27,19.65,6.87,8.96
Whole urad (Urad ki dal),53.80,5.05,2.21,2.62,bowl,182.54,17.13,7.51,8.90
Woodapple juice (Bel ka sharbat),34.18,6.51,0.63,0.70,glass,120.07,22.87,2.21,2.46
Yam fried (Zimikand/Suran fried),491.76,5.47,0.79,51.79,bowl,2377.28,26.44,3.82,250.36
Yam kofta curry (Zimikand/Suran kofta curry),322.88,3.75,0.71,33.84,bowl,2422.44,28.13,5.36,253.85
Mango,60.00,15.00,0.80,0.40,,,,,
Banana,89.00,23.00,1.10,0.30,,,,,
Guava,68.00,14.00,2.60,0.60,,,,,
Papaya,43.00,11.00,0.50,0.30,,,,,
Pomegranate,83.00,19.00,1.70,1.20,,,,,
Apple,52.00,14.00,0.30,0.20,,,,,
Orange,47.00,12.00,0.90,0.10,,,,,
Watermelon,30.00,8.00,0.60,0.20,,,,,
Litchi,66.00,17.00,0.80,0.40,,,,,
Custard Apple (Sitaphal),75.00,18.00,2.00,0.20,,,,,
Grapes,69.00,18.00,0.60,0.20,,,,,
Pineapple,50.00,13.00,0.50,0.20,,,,,
Chikoo (Sapodilla),83.00,20.00,0.50,0.10,,,,,
Jackfruit,95.00,24.00,1.70,0.60,,,,,
Amla (Indian Gooseberry),44.00,10.00,0.60,0.60,,,,,
Bael (Wood Apple),66.00,16.00,2.00,0.6x1,,,,,
Jamun (Black Plum),60.00,14.00,0.90,0.20,,,,,
Kaddu (Pumpkin),26.00,7.00,1.00,0.10,,,,,
Mulberry,43.00,9.80,1.70,0.40,,,,,
Custard Apple,75.00,18.00,2.00,0.40,,,,,
Aonla (Indian Gooseberry),44.00,10.00,0.60,0.60,,,,,
Tamarind,239.00,68.00,2.80,0.60,,,,,
Kiwifruit,61.00,15.00,1.00,0.50,,,,,
Dragon Fruit (Pitaya),50.00,13.00,1.00,0.10,,,,,
Laxmana phal,66.00,16.00,0.80,0.30,,,,,
Blackberry,43.00,10.00,1.40,0.50,,,,,
Raspberries,52.00,12.00,1.20,0.70,,,,,
Sweet Lime (Mosambi),43.00,11.00,0.60,0.10,,,,,
Fig,74.00,19.00,0.80,0.30,,,,,
Apricot,48.00,12.00,1.40,0.10,,,,,
Cherry,63.00,16.00,1.10,0.20,,,,,
Peach,39.00,10.00,0.90,0.30,,,,,
Lemon,29.00,9.00,1.10,0.30,,,,,
Snake Gourd,19.00,4.00,0.80,0.10,,,,,
Starfruit (Carambola),31.00,7.00,1.00,0.30,,,,,
Longan,60.00,15.00,1.30,0.10,,,,,
Pear,57.00,15.00,0.40,0.10,,,,,
Lime,30.00,11.00,0.90,0.20,,,,,
Nutmeg (jagikaya),525.00,49.00,5.80,36.00,,,,,
Rambutan,68.00,16.00,0.90,0.20,,,,,
Olive,145.00,4.00,0.80,11.00,,,,,
Acorn Squash ( GUMMADI),40.00,10.00,1.00,0.10,,,,,
Elephant Apple (Chalta),60.00,14.00,0.50,0.20,,,,,
Sweet Potato,86.00,20.00,1.60,0.10,,,,,
Drumstick,35.00,7.00,2.30,0.20,,,,,
Coconut ,354.00,15.00,3.30,33.50,,,,,
almond,576.00,21.60,21.20,49.90,,,,,
Cashews,553.00,30.20,18.20,43.90,,,,,
Walnuts,654.00,13.70,13.70,65.20,,,,,
Pista,562.00,28.00,20.60,45.30,,,,,
Hazelnuts,628.00,16.70,14.10,60.80,,,,,
Dried Apricots,241.00,63.00,3.40,0.50,,,,,
Raisins,299.00,79.00,2.50,0.50,,,,,
dried figs,249.00,64.00,3.30,0.90,,,,,
Dates,277.00,75.00,2.50,0.20,,,,,
Prunes,240.00,64.00,2.20,0.40,,,,,
Dried Mango,319.00,76.00,2.50,0.60,,,,,
Coconut (Dried),660.00,24.00,6.90,64.50,,,,,
Dried Blueberries,317.00,84.00,0.70,0.50,,,,,
Dried Cranberries,325.00,83.00,0.10,0.10,,,,,
Pine Nuts,673.00,13.70,13.10,68.40,,,,,
Chestnuts (Roasted),213.00,45.00,2.40,2.20,,,,,
Sunflower Seeds,584.00,20.00,20.80,51.50,,,,,
Pumpkin Seeds,559.00,30.20,10.70,49.00,,,,,
Poppy Seeds,525.00,28.10,18.00,41.60,,,,,
Flaxseeds,534.00,18.30,28.90,42.20,,,,,
Brazil Nuts,659.00,12.30,14.30,67.10,,,,,
Macadamia Nuts,718.00,14.00,8.00,75.80,,,,,
Almond Butter,614.00,20.10,21.20,55.40,,,,,
Cashew Butter,588.00,15.10,30.00,46.30,,,,,
Dried Peaches,239.00,62.00,2.20,0.40,,,,,
Dried Nectarines,270.00,69.00,3.00,0.30,,,,,
Dried Cherries,325.00,82.00,1.00,0.50,,,,,
Dried Apples,243.00,65.00,0.50,0.50,,,,,
Dried Bananas,346.00,88.00,4.00,1.50,,,,,
Dried Kiwi,346.00,88.00,3.00,0.60,,,,,
Raisin Bran,328.00,0.00,4.00,1.50,,,,,
Dried Coconut Flakes,650.00,24.00,6.50,64.50,,,,,
Yogurt Coated Raisins,360.00,75.00,4.10,7.10,,,,,
Dried Mulberries,370.00,75.00,9.80,2.20,,,,,
Dried Gooseberries,170.00,38.00,3.00,0.50,,,,,
Dried  Tamarind,239.00,63.00,2.80,0.60,,,,,
Sun-Dried Tomatoes,258.00,55.00,14.00,1.50,,,,,
Dried Seaweed (Nori),35.00,1.50,5.10,0.40,,,,,
Dried Black Currants,277.00,75.00,2.40,0.40,,,,,
Dried Sultanas,299.00,79.00,2.50,0.50,,,,,
Dried Lychee,292.00,75.00,0.80,0.10,,,,,
Dried Persimmons,288.00,75.00,2.30,0.20,,,,,
Dried Peppers,258.00,58.00,12.00,4.00,,,,,
Dried Ginseng Berries,250.00,60.00,1.00,0.50,,,,,
Dried Honeydew Melon ,350.00,80.00,3.00,0.50,,,,,
Dried Radish,371.00,80.00,7.00,0.10,,,,,
Dried Zucchini,100.00,19.00,3.20,0.30,,,,,
Dried Barberries,295.00,70.00,5.00,0.30,,,,,
Dried Corn,365.00,78.00,9.40,4.70,,,,,
Dried Apples (Sweetened),270.00,72.00,0.60,0.10,,,,,
Rasam,40.00,8.00,1.00,1.00,,,,,
Vegetable Korma ,150.00,20.00,4.00,7.00,,,,,
Coconut Curry,230.00,15.00,5.00,20.00,,,,,
Kootu,120.00,18.00,5.00,3.00,,,,,
Chettinad Chicken Curry,250.00,10.00,20.00,15.00,,,,,
Egg curry ,240.00,20.00,12.00,14.00,,,,,
Kadai Panner,380.00,30.00,18.00,24.00,,,,,
Thengai Paal (Cocont Milk Curry),200.00,10.00,4.00,18.00,,,,,
Prawn curry ,280.00,10.00,22.00,18.00,,,,,
Palak Curry,80.00,10.00,3.00,4.00,,,,,
Bhindi (Okra) Curry ,160.00,25.00,4.00,5.00,,,,,
Gobi Curry,100.00,18.00,4.00,2.00,,,,,
Korma (Vegetable),160.00,20.00,5.00,8.00,,,,,
Tomato Curry,90.00,14.00,2.00,4.00,,,,,
Methi Malai Murg,300.00,15.00,25.00,18.00,,,,,
Pumpkin Curry,100.00,18.00,2.00,3.00,,,,,
Drumstick Curry,120.00,20.00,5.00,4.00,,,,,
Pesarattu (Green Gram Pancake),250.00,35.00,15.00,6.00,,,,,
Fish Curry,300.00,10.00,25.00,20.00,,,,,
Kadai Vegetable,150.00,25.00,5.00,6.00,,,,,
Malabar Chicken Curry,350.00,15.00,30.00,25.00,,,,,
Chana Dal Curry,180.00,30.00,10.00,4.00,,,,,
Mixed Vegetable Curry,160.00,25.00,5.00,6.00,,,,,
Vankaya Curry (Eggplant),200.00,25.00,4.00,10.00,,,,,
Lauki Curry (Bottle Gourd),140.00,25.00,3.00,4.00,,,,,
Aloo Gobi,180.00,25.00,4.00,7.00,,,,,
Prawn Masala,280.00,12.00,22.00,18.00,,,,,
Karimeen Pollichathu (Pearl Spot Fish),300.00,10.00,25.00,20.00,,,,,
Kadala Curry (Black Chickpeas),240.00,40.00,10.00,5.00,,,,,
Coconut Chutney,180.00,8.00,3.00,16.00,,,,,
Karamani Curry (Black-eyed Peas),220.00,35.00,10.00,6.00,,,,,
Bisi Bele Bath,290.00,45.00,10.00,8.00,,,,,
Chole (Chickpea Curry),300.00,45.00,15.00,10.00,,,,,
Vegetable Biryani,250.00,45.00,7.00,5.00,,,,,
Malai Kofta,350.00,30.00,10.00,22.00,,,,,
Gajar Halwa (Carrot Curry),300.00,45.00,6.00,10.00,,,,,
Kothimbir Vadi (Coriander Cake),200.00,28.00,6.00,8.00,,,,,
Daal Makhani,300.00,35.00,15.00,10.00,,,,,
Fish Molee,280.00,10.00,20.00,18.00,,,,,
Nellikai (Amla) Curry,150.00,20.00,3.00,5.00,,,,,
Gatte ki Sabzi,210.00,30.00,7.00,8.00,,,,,
Khar (Assamese Dish),160.00,22.00,6.00,5.00,,,,,
Chutney (Peanut),250.00,15.00,10.00,18.00,,,,,
Chutney (Tomato),70.00,15.00,1.00,2.00,,,,,
Moong Dal Curry,150.00,25.00,9.00,4.00,,,,,
Chakkara Pongal,250.00,54.00,4.00,5.00,,,,,
Puliyodarai (Tamarind Rice),270.00,45.00,7.00,8.00,,,,,
Kori Rotti (Chicken Curry with Rice Roti),350.00,30.00,25.00,15.00,,,,,
Neer Dosa,150.00,26.00,3.00,4.00,,,,,
Bhaji (Mixed Vegetable Fritters),240.00,30.00,4.00,12.00,,,,,
Aloo Masala,170.00,28.00,4.00,5.00,,,,,
Gobi Manchurian,300.00,40.00,6.00,12.00,,,,,
Mutton Curry,320.00,12.00,25.00,22.00,,,,,
Methi Chicken,290.00,15.00,25.00,18.00,,,,,
Tikka Masala,350.00,12.00,28.00,22.00,,,,,
Paneer Butter Masala,380.00,25.00,15.00,27.00,,,,,
Biryani (Vegetable),400.00,65.00,10.00,15.00,,,,,
Tawa Pulao,240.00,42.00,6.00,6.00,,,,,
Kadai Chicken,340.00,15.00,25.00,20.00,,,,,
Pesarattu (Moong Dal Dosa),250.00,35.00,15.00,6.00,,,,,
Aloo Baingan,200.00,28.00,4.00,8.00,,,,,
Spinach,70.00,10.00,2.00,3.00,,,,,
Pongal (Spicy Rice Dish),230.00,30.00,5.00,7.00,,,,,
Cabbage Curry,100.00,15.00,2.00,4.00,,,,,
Chana Masala,300.00,45.00,15.00,10.00,,,,,
Kadai Paneer,380.00,30.00,18.00,24.00,,,,,
Daal Fry,200.00,30.00,10.00,5.00,,,,,
Cauliflower Curry,100.00,15.00,4.00,3.00,,,,,
Prawn Vindaloo,300.00,15.00,22.00,18.00,,,,,
Eggplant Masala,200.00,25.00,4.00,10.00,,,,,
Lemon Rice,230.00,38.00,6.00,6.00,,,,,
Curd Rice,150.00,25.00,5.00,3.00,,,,,
Pongal (Sweet Rice Dish),290.00,50.00,6.00,8.00,,,,,
Lauki Kofta,280.00,40.00,8.00,12.00,,,,,
Tandoori Aloo,210.00,32.00,5.00,8.00,,,,,
Daal Tadka,210.00,30.00,9.00,7.00,,,,,
Green Peas Curry,150.00,25.00,5.00,4.00,,,,,
Stuffed Paratha,270.00,42.00,8.00,10.00,,,,,
Fish Curry with Raw Mango,300.00,12.00,25.00,20.00,,,,,
Tomato Rasam,50.00,10.00,2.00,1.00,,,,,
Bhindi Masala,130.00,30.00,4.00,5.00,,,,,
Rajma (Kidney Bean Curry),220.00,38.00,12.00,5.00,,,,,
Tandoori Paneer Tikka,320.00,15.00,20.00,22.00,,,,,
  Cabbage Stir-fry,100.00,15.00,2.00,4.00,,,,,
  Chicken Biryani,400.00,60.00,20.00,15.00,,,,,
  Cucumber Salad,30.00,7.00,1.00,0.00,,,,,
  Malabar Fish Curry,250.00,10.00,20.00,15.00,,,,,
  Veg Manchurian,250.00,36.00,6.00,10.00,,,,,
  Ulli Theeyal (Onion Curry),120.00,16.00,2.00,6.00,,,,,
  Chettinad Prawn Curry,350.00,15.00,25.00,22.00,,,,,
  Garlic Rasam,40.00,8.00,1.00,1.00,,,,,
  Idli Sambar,220.00,35.00,8.00,6.00,,,,,
  Paneer Tikka Masala,350.00,30.00,15.00,20.00,,,,,
  Stuffed Bell Peppers,180.00,25.00,5.00,7.00,,,,,
  Cabbage Kofta,200.00,30.00,6.00,8.00,,,,,
  Bhuna Gosht (Spicy Lamb),380.00,12.00,25.00,30.00,,,,,
  Kadai Mushroom,250.00,35.00,7.00,10.00,,,,,
  Prawns Coconut Curry,280.00,15.00,20.00,18.00,,,,,
  Gobi Paratha,300.00,40.00,8.00,12.00,,,,,
  Rajma Galouti Kebab,350.00,30.00,20.00,18.00,,,,,
  Tomato Upma,220.00,34.00,5.00,7.00,,,,,
  Fish Tikka,250.00,15.00,20.00,15.00,,,,,
  Dal Makhani,350.00,45.00,15.00,15.00,,,,,
  Chicken Korma,400.00,10.00,28.00,26.00,,,,,
  Prawn Biryani,400.00,60.00,20.00,15.00,,,,,
  Vegetable Sambar,100.00,15.00,4.00,3.00,,,,,
  Chole (Chickpea Curry),300.00,45.00,15.00,8.00,,,,,
  Kadai Fish,350.00,15.00,25.00,20.00,,,,,
  Chana Dal,180.00,30.00,10.00,5.00,,,,,
  Vegetable Fried Rice,350.00,50.00,8.00,10.00,,,,,
  Prawn Masala,300.00,15.00,20.00,18.00,,,,,
  Pesarattu (Green Gram Dosa),250.00,35.00,15.00,6.00,,,,,
  Murukku,500.00,70.00,6.00,25.00,,,,,
  Paniyaram,220.00,34.00,6.00,8.00,,,,,
  Bonda,270.00,35.00,5.00,12.00,,,,,
  Pakora,300.00,35.00,5.00,15.00,,,,,
  Uzhunnu Vada,250.00,30.00,8.00,12.00,,,,,
  Banana Chips,500.00,60.00,2.00,30.00,,,,,
  Vegetable Cutlet,150.00,20.00,5.00,7.00,,,,,
  Chikki (Peanut Brittle),450.00,60.00,10.00,20.00,,,,,
  Karam Dosa,250.00,40.00,8.00,8.00,,,,,
  Rawa Upma,200.00,35.00,6.00,6.00,,,,,
  Mysore Pak,450.00,50.00,7.00,25.00,,,,,
  Appam,220.00,36.00,4.00,8.00,,,,,
  Fritters (Vegetable),300.00,35.00,5.00,15.00,,,,,
  Pesarattu Dosa,250.00,35.00,15.00,6.00,,,,,
  Potato Wedges,300.00,40.00,4.00,15.00,,,,,
  Coconut Ladoo,350.00,50.00,5.00,15.00,,,,,
  Rawa Ladoo,400.00,60.00,8.00,15.00,,,,,
  Corn Fritters,250.00,30.00,5.00,12.00,,,,,
  Khakra,400.00,60.00,10.00,15.00,,,,,
  Thattai,450.00,60.00,6.00,20.00,,,,,
  Onion Uthappam,250.00,40.00,6.00,8.00,,,,,
  Cabbage Vada,250.00,30.00,7.00,12.00,,,,,
  Thukpa,200.00,30.00,6.00,5.00,,,,,
  Mysore Bonda,300.00,35.00,8.00,15.00,,,,,
  Khichdi,220.00,35.00,8.00,5.00,,,,,
  Kothimbir Vadi,250.00,30.00,8.00,12.00,,,,,
  Kachori,350.00,45.00,8.00,15.00,,,,,
  Khichu,220.00,30.00,5.00,8.00,,,,,
  Bombay Sandwich,300.00,50.00,10.00,8.00,,,,,
  Puffed Rice,350.00,75.00,7.00,5.00,,,,,
  Falafel,330.00,45.00,12.00,15.00,,,,,
  Spring Roll,250.00,35.00,5.00,10.00,,,,,
  Vegetable Spring Roll,250.00,35.00,4.00,10.00,,,,,
  Kathi Roll,300.00,45.00,10.00,10.00,,,,,
  Tomato Chutney Sandwich,220.00,32.00,8.00,6.00,,,,,
  Palak Chaat,200.00,30.00,5.00,8.00,,,,,
  Bhaji (Potato),270.00,35.00,3.00,12.00,,,,,
  Paneer Pakora,350.00,30.00,10.00,20.00,,,,,
  Spicy Peanuts,600.00,20.00,25.00,50.00,,,,,
  Aloo Tikki,250.00,35.00,5.00,12.00,,,,,
  Bread Upma,250.00,40.00,6.00,8.00,,,,,
  Ragi Chips,450.00,65.00,10.00,20.00,,,,,
  Kothimbir Wadi,250.00,30.00,8.00,12.00,,,,,
  Corn Chaat,220.00,30.00,5.00,10.00,,,,,
  Pesarattu Chaat,250.00,35.00,10.00,8.00,,,,,
  Aloo Chaat,300.00,40.00,6.00,12.00,,,,,
  Methi Murg,300.00,10.00,20.00,15.00,,,,,
  Veg Roll,250.00,40.00,8.00,8.00,,,,,
  Chettinad Masala,400.00,20.00,15.00,25.00,,,,,
  Cheese Burst Dosa,350.00,50.00,12.00,12.00,,,,,
  Stuffed Peppers,180.00,25.00,5.00,7.00,,,,,
  Spinach Pakora,300.00,35.00,6.00,15.00,,,,,
  Chaat (Mixed),200.00,30.00,5.00,8.00,,,,,
  Chur Chur Naan,320.00,50.00,10.00,12.00,,,,,
  Onion Rings,350.00,60.00,4.00,15.00,,,,,
  Kachumber Salad,100.00,20.00,2.00,2.00,,,,,
  Falafel Wrap,400.00,55.00,12.00,18.00,,,,,
  Idli Manchurian,250.00,35.00,8.00,10.00,,,,,
  Cheesy Dosa,400.00,50.00,14.00,20.00,,,,,
  Prawn Koliwada,300.00,15.00,25.00,15.00,,,,,
  Bread Pakora,300.00,40.00,6.00,15.00,,,,,
  Corn Pattice,250.00,40.00,6.00,8.00,,,,,
  Methi Pakora,300.00,35.00,6.00,15.00,,,,,
  Poha Chaat,200.00,30.00,5.00,6.00,,,,,
  Stuffed Dosa,350.00,50.00,12.00,12.00,,,,,
  Dahi Puri,250.00,40.00,6.00,10.00,,,,,
  Tandoori Broccoli,150.00,15.00,6.00,8.00,,,,,
  Paneer Chaat,300.00,30.00,12.00,15.00,,,,,
  Masala Peanuts,600.00,20.00,25.00,50.00,,,,,
  Idli,150.00,30.00,6.00,2.00,,,,,
  Dosa,200.00,30.00,6.00,5.00,,,,,
  Uttapam,220.00,35.00,6.00,8.00,,,,,
  Pesarattu,250.00,35.00,15.00,6.00,,,,,
  Upma,200.00,35.00,6.00,6.00,,,,,
  Pongal,250.00,45.00,6.00,7.00,,,,,
  Rawa Dosa,210.00,35.00,6.00,8.00,,,,,
  Vada,250.00,30.00,8.00,12.00,,,,,
  Medu Vada,250.00,30.00,8.00,12.00,,,,,
  Akki Roti,220.00,40.00,5.00,5.00,,,,,
  Adai,200.00,30.00,10.00,6.00,,,,,
  Dhokla,120.00,20.00,6.00,2.00,,,,,
  Ragi Mudde,130.00,30.00,4.00,1.00,,,,,
  Kuthiraivali Idli,150.00,25.00,6.00,2.00,,,,,
  Kootu,90.00,15.00,4.00,2.00,,,,,
  Chutney Sandwich,250.00,40.00,8.00,10.00,,,,,
  Chettinad Idli,160.00,30.00,5.00,3.00,,,,,
  Vegetable Upma,220.00,36.00,6.00,8.00,,,,,
  Dahi Vada,300.00,40.00,10.00,12.00,,,,,
  Coconut Chutney,200.00,10.00,2.00,18.00,,,,,
  Methi Thepla,250.00,40.00,8.00,8.00,,,,,
  Rawa Kesari,300.00,60.00,4.00,8.00,,,,,
  Bisi Bele Bath,230.00,40.00,8.00,5.00,,,,,
  Corn Roti,200.00,35.00,5.00,5.00,,,,,
  Puttu,200.00,30.00,4.00,5.00,,,,,
  Chitranna (Lemon Rice),250.00,40.00,6.00,8.00,,,,,
  Tomato Rice,250.00,45.00,5.00,7.00,,,,,
  Vegetable Biryani,300.00,55.00,8.00,10.00,,,,,
  Sambar Rice,280.00,50.00,8.00,5.00,,,,,
  Coconut Rice,250.00,40.00,6.00,10.00,,,,,
  Aloo Bonda,270.00,35.00,5.00,12.00,,,,,
  Vegetable Pulao,290.00,50.00,8.00,7.00,,,,,
  Kalya,250.00,35.00,8.00,10.00,,,,,
  Cabbage Upma,200.00,30.00,5.00,7.00,,,,,
  Oats Idli,160.00,25.00,6.00,3.00,,,,,
  Vegetable Dhokla,120.00,20.00,5.00,2.00,,,,,
  Sprouted Moong Salad,120.00,20.00,8.00,2.00,,,,,
  Poha,200.00,35.00,4.00,6.00,,,,,
  Bhel Puri,220.00,36.00,6.00,6.00,,,,,
  Masala Dosa,250.00,40.00,7.00,10.00,,,,,
  Onion Dosa,240.00,38.00,6.00,9.00,,,,,
  Kharabath,210.00,35.00,5.00,8.00,,,,,
  Kootu Curry,90.00,15.00,4.00,2.00,,,,,
  Soya Chunks Upma,250.00,35.00,10.00,8.00,,,,,
  Kova Puttu,200.00,30.00,5.00,6.00,,,,,
  Veggie Wrap,230.00,35.00,8.00,7.00,,,,,
  Masala Khichdi,270.00,45.00,9.00,7.00,,,,,
  Tawa Pulao,290.00,50.00,8.00,9.00,,,,,
  Vegetable Khichdi,220.00,35.00,8.00,5.00,,,,,
  Rawa Idli,150.00,30.00,5.00,2.00,,,,,
  Methi Dosa,210.00,35.00,7.00,8.00,,,,,
  Sabudana Khichdi,250.00,50.00,4.00,6.00,,,,,
  Khandvi,200.00,30.00,8.00,7.00,,,,,
  Oats Upma,180.00,30.00,6.00,5.00,,,,,
  Prawn Masala Dosa,300.00,40.00,15.00,12.00,,,,,
  Fish Curry Rice,350.00,50.00,20.00,10.00,,,,,
  Daal Dhokli,250.00,40.00,8.00,8.00,,,,,
  Mixed Vegetable Roti,220.00,35.00,6.00,7.00,,,,,
  Baida Roti,300.00,35.00,12.00,15.00,,,,,
  Kheer,150.00,30.00,4.00,3.00,,,,,
  Vegetable Kathi Roll,250.00,40.00,8.00,8.00,,,,,
  Jowar Roti,140.00,30.00,4.00,1.00,,,,,
  Vada Pav,320.00,45.00,8.00,15.00,,,,,
  Sev Puri,250.00,40.00,5.00,10.00,,,,,
  Pav Bhaji,300.00,50.00,10.00,10.00,,,,,
  Pani Puri,200.00,35.00,3.00,8.00,,,,,
  Chaat,220.00,36.00,6.00,7.00,,,,,
  Chole Bhature,400.00,60.00,12.00,15.00,,,,,
  Litti Chokha,350.00,55.00,10.00,12.00,,,,,
  Chura (Flattened Rice),200.00,40.00,4.00,5.00,,,,,
  Vegetable Pakora,300.00,35.00,5.00,15.00,,,,,
  Samosa,250.00,35.00,6.00,12.00,,,,,
  Chutney,100.00,10.00,2.00,5.00,,,,,
  Spinach Dosa,200.00,30.00,7.00,8.00,,,,,
  Butter Dosa,300.00,45.00,6.00,12.00,,,,,
  Egg Dosa,300.00,40.00,12.00,15.00,,,,,
  Bhel,220.00,36.00,6.00,7.00,,,,,
  Bhaji,270.00,35.00,3.00,12.00,,,,,
  Masala Papad,200.00,30.00,6.00,8.00,,,,,
  Egg Curry,300.00,10.00,15.00,20.00,,,,,
  Aloo Gobi,200.00,30.00,5.00,8.00,,,,,
  Vegetable Stew,180.00,25.00,4.00,8.00,,,,,
  Palak Paneer,300.00,10.00,15.00,22.00,,,,,
  Butter Chicken,350.00,10.00,20.00,25.00,,,,,
  Gobi Manchurian,250.00,35.00,7.00,10.00,,,,,
  Vegetable Manchurian,250.00,35.00,7.00,10.00,,,,,
  Vegetable Samosa,300.00,40.00,6.00,15.00,,,,,
  Chole Rice,350.00,50.00,12.00,10.00,,,,,
  Ghee Rice,350.00,55.00,6.00,12.00,,,,,
  Kothu Parotta,400.00,50.00,12.00,20.00,,,,,
  Biryani,400.00,60.00,14.00,10.00,,,,,
  Vegetable Stir Fry,100.00,15.00,3.00,5.00,,,,,
  Daal Fry,200.00,30.00,10.00,8.00,,,,,
  Thalipeeth,250.00,35.00,8.00,10.00,,,,,
  Paneer Tikka,250.00,10.00,15.00,18.00,,,,,
  Masala Rice,300.00,50.00,10.00,10.00,,,,,
  Bhindi Masala,200.00,30.00,5.00,8.00,,,,,
  Pumpkin Curry,150.00,30.00,4.00,2.00,,,,,
  Bhaji (Vegetable Fritters),250.00,30.00,5.00,12.00,,,,,
